image_id, xmin, ymin, xmax, ymax, class_id
VID193_A5_3_00d06h00m.tif, 517.7574, 1028.7574, 526.2426, 1037.2426, 0
VID193_A5_3_00d06h00m.tif, 219.7574, 1028.7574, 228.2426, 1037.2426, 0
VID193_A5_3_00d06h00m.tif, 501.3431, 1023.3431, 512.6569, 1034.6569, 0
VID193_A5_3_00d06h00m.tif, 1155.7574, 1023.7574, 1164.2426, 1032.2426, 0
VID193_A5_3_00d06h00m.tif, 752.7574, 1023.7574, 761.2426, 1032.2426, 0
VID193_A5_3_00d06h00m.tif, 1351.7574, 1019.7574, 1360.2426, 1028.2426, 0
VID193_A5_3_00d06h00m.tif, 1006.3431, 1018.3431, 1017.6569, 1029.6569, 0
VID193_A5_3_00d06h00m.tif, 88.9289, 1016.9289, 103.0711, 1031.0711, 0
VID193_A5_3_00d06h00m.tif, 679.7574, 1017.7574, 688.2426, 1026.2426, 0
VID193_A5_3_00d06h00m.tif, 1201.7574, 1015.7574, 1210.2426, 1024.2426, 0
VID193_A5_3_00d06h00m.tif, 795.7574, 1014.7574, 804.2426, 1023.2426, 0
VID193_A5_3_00d06h00m.tif, 184.3431, 1013.3431, 195.6569, 1024.6569, 0
VID193_A5_3_00d06h00m.tif, 1292.7574, 1010.7574, 1301.2426, 1019.2426, 0
VID193_A5_3_00d06h00m.tif, 5.7574, 1010.7574, 14.2426, 1019.2426, 0
VID193_A5_3_00d06h00m.tif, 1262.3431, 1008.3431, 1273.6569, 1019.6569, 0
VID193_A5_3_00d06h00m.tif, 1192.7574, 1008.7574, 1201.2426, 1017.2426, 0
VID193_A5_3_00d06h00m.tif, 572.3431, 1007.3431, 583.6569, 1018.6569, 0
VID193_A5_3_00d06h00m.tif, 515.7574, 1007.7574, 524.2426, 1016.2426, 0
VID193_A5_3_00d06h00m.tif, 239.7574, 1007.7574, 248.2426, 1016.2426, 0
VID193_A5_3_00d06h00m.tif, 911.7574, 1006.7574, 920.2426, 1015.2426, 0
VID193_A5_3_00d06h00m.tif, 663.7574, 1005.7574, 672.2426, 1014.2426, 0
VID193_A5_3_00d06h00m.tif, 163.7574, 1004.7574, 172.2426, 1013.2426, 0
VID193_A5_3_00d06h00m.tif, 1114.7574, 1001.7574, 1123.2426, 1010.2426, 0
VID193_A5_3_00d06h00m.tif, 988.7574, 1000.7574, 997.2426, 1009.2426, 0
VID193_A5_3_00d06h00m.tif, 926.3431, 997.3431, 937.6569, 1008.6569, 0
VID193_A5_3_00d06h00m.tif, 1198.7574, 997.7574, 1207.2426, 1006.2426, 0
VID193_A5_3_00d06h00m.tif, 1068.3431, 996.3431, 1079.6569, 1007.6569, 0
VID193_A5_3_00d06h00m.tif, 755.7574, 997.7574, 764.2426, 1006.2426, 0
VID193_A5_3_00d06h00m.tif, 1396.7574, 995.7574, 1405.2426, 1004.2426, 0
VID193_A5_3_00d06h00m.tif, 1318.7574, 995.7574, 1327.2426, 1004.2426, 0
VID193_A5_3_00d06h00m.tif, 151.7574, 995.7574, 160.2426, 1004.2426, 0
VID193_A5_3_00d06h00m.tif, 1084.7574, 992.7574, 1093.2426, 1001.2426, 0
VID193_A5_3_00d06h00m.tif, 413.7574, 992.7574, 422.2426, 1001.2426, 0
VID193_A5_3_00d06h00m.tif, 293.3431, 991.3431, 304.6569, 1002.6569, 0
VID193_A5_3_00d06h00m.tif, 1178.7574, 990.7574, 1187.2426, 999.2426, 0
VID193_A5_3_00d06h00m.tif, 916.7574, 990.7574, 925.2426, 999.2426, 0
VID193_A5_3_00d06h00m.tif, 212.3431, 988.3431, 223.6569, 999.6569, 0
VID193_A5_3_00d06h00m.tif, 1307.7574, 987.7574, 1316.2426, 996.2426, 0
VID193_A5_3_00d06h00m.tif, 1166.7574, 987.7574, 1175.2426, 996.2426, 0
VID193_A5_3_00d06h00m.tif, 990.7574, 986.7574, 999.2426, 995.2426, 0
VID193_A5_3_00d06h00m.tif, 1272.3431, 984.3431, 1283.6569, 995.6569, 0
VID193_A5_3_00d06h00m.tif, 1238.7574, 982.7574, 1247.2426, 991.2426, 0
VID193_A5_3_00d06h00m.tif, 1026.7574, 982.7574, 1035.2426, 991.2426, 0
VID193_A5_3_00d06h00m.tif, 385.3431, 977.3431, 396.6569, 988.6569, 0
VID193_A5_3_00d06h00m.tif, 1221.7574, 977.7574, 1230.2426, 986.2426, 0
VID193_A5_3_00d06h00m.tif, 1038.7574, 977.7574, 1047.2426, 986.2426, 0
VID193_A5_3_00d06h00m.tif, 1301.7574, 974.7574, 1310.2426, 983.2426, 0
VID193_A5_3_00d06h00m.tif, 878.7574, 974.7574, 887.2426, 983.2426, 0
VID193_A5_3_00d06h00m.tif, 316.3431, 970.3431, 327.6569, 981.6569, 0
VID193_A5_3_00d06h00m.tif, 670.7574, 967.7574, 679.2426, 976.2426, 0
VID193_A5_3_00d06h00m.tif, 327.7574, 966.7574, 336.2426, 975.2426, 0
VID193_A5_3_00d06h00m.tif, 759.7574, 965.7574, 768.2426, 974.2426, 0
VID193_A5_3_00d06h00m.tif, 1172.3431, 962.3431, 1183.6569, 973.6569, 0
VID193_A5_3_00d06h00m.tif, 1118.7574, 962.7574, 1127.2426, 971.2426, 0
VID193_A5_3_00d06h00m.tif, 855.7574, 961.7574, 864.2426, 970.2426, 0
VID193_A5_3_00d06h00m.tif, 646.3431, 960.3431, 657.6569, 971.6569, 0
VID193_A5_3_00d06h00m.tif, 402.3431, 960.3431, 413.6569, 971.6569, 0
VID193_A5_3_00d06h00m.tif, 991.7574, 958.7574, 1000.2426, 967.2426, 0
VID193_A5_3_00d06h00m.tif, 482.7574, 957.7574, 491.2426, 966.2426, 0
VID193_A5_3_00d06h00m.tif, 1246.7574, 956.7574, 1255.2426, 965.2426, 0
VID193_A5_3_00d06h00m.tif, 681.3431, 955.3431, 692.6569, 966.6569, 0
VID193_A5_3_00d06h00m.tif, 834.3431, 954.3431, 845.6569, 965.6569, 0
VID193_A5_3_00d06h00m.tif, 817.7574, 955.7574, 826.2426, 964.2426, 0
VID193_A5_3_00d06h00m.tif, 441.3431, 954.3431, 452.6569, 965.6569, 0
VID193_A5_3_00d06h00m.tif, 421.7574, 955.7574, 430.2426, 964.2426, 0
VID193_A5_3_00d06h00m.tif, 1003.7574, 954.7574, 1012.2426, 963.2426, 0
VID193_A5_3_00d06h00m.tif, 970.7574, 954.7574, 979.2426, 963.2426, 0
VID193_A5_3_00d06h00m.tif, 1088.7574, 952.7574, 1097.2426, 961.2426, 0
VID193_A5_3_00d06h00m.tif, 454.3431, 950.3431, 465.6569, 961.6569, 0
VID193_A5_3_00d06h00m.tif, 200.7574, 951.7574, 209.2426, 960.2426, 0
VID193_A5_3_00d06h00m.tif, 1377.7574, 948.7574, 1386.2426, 957.2426, 0
VID193_A5_3_00d06h00m.tif, 23.7574, 948.7574, 32.2426, 957.2426, 0
VID193_A5_3_00d06h00m.tif, 909.7574, 947.7574, 918.2426, 956.2426, 0
VID193_A5_3_00d06h00m.tif, 746.7574, 945.7574, 755.2426, 954.2426, 0
VID193_A5_3_00d06h00m.tif, 191.7574, 944.7574, 200.2426, 953.2426, 0
VID193_A5_3_00d06h00m.tif, 818.7574, 943.7574, 827.2426, 952.2426, 0
VID193_A5_3_00d06h00m.tif, 579.3431, 942.3431, 590.6569, 953.6569, 0
VID193_A5_3_00d06h00m.tif, 543.3431, 942.3431, 554.6569, 953.6569, 0
VID193_A5_3_00d06h00m.tif, 414.7574, 943.7574, 423.2426, 952.2426, 0
VID193_A5_3_00d06h00m.tif, 510.3431, 941.3431, 521.6569, 952.6569, 0
VID193_A5_3_00d06h00m.tif, 988.3431, 940.3431, 999.6569, 951.6569, 0
VID193_A5_3_00d06h00m.tif, 609.7574, 940.7574, 618.2426, 949.2426, 0
VID193_A5_3_00d06h00m.tif, 1174.7574, 938.7574, 1183.2426, 947.2426, 0
VID193_A5_3_00d06h00m.tif, 1283.7574, 937.7574, 1292.2426, 946.2426, 0
VID193_A5_3_00d06h00m.tif, 651.3431, 935.3431, 662.6569, 946.6569, 0
VID193_A5_3_00d06h00m.tif, 947.3431, 934.3431, 958.6569, 945.6569, 0
VID193_A5_3_00d06h00m.tif, 10.9289, 932.9289, 25.0711, 947.0711, 0
VID193_A5_3_00d06h00m.tif, 895.7574, 934.7574, 904.2426, 943.2426, 0
VID193_A5_3_00d06h00m.tif, 1015.9289, 930.9289, 1030.0711, 945.0711, 0
VID193_A5_3_00d06h00m.tif, 1270.3431, 925.3431, 1281.6569, 936.6569, 0
VID193_A5_3_00d06h00m.tif, 767.3431, 925.3431, 778.6569, 936.6569, 0
VID193_A5_3_00d06h00m.tif, 906.7574, 925.7574, 915.2426, 934.2426, 0
VID193_A5_3_00d06h00m.tif, 421.7574, 925.7574, 430.2426, 934.2426, 0
VID193_A5_3_00d06h00m.tif, 1291.7574, 924.7574, 1300.2426, 933.2426, 0
VID193_A5_3_00d06h00m.tif, 251.7574, 924.7574, 260.2426, 933.2426, 0
VID193_A5_3_00d06h00m.tif, 1241.3431, 921.3431, 1252.6569, 932.6569, 0
VID193_A5_3_00d06h00m.tif, 519.7574, 922.7574, 528.2426, 931.2426, 0
VID193_A5_3_00d06h00m.tif, 532.7574, 921.7574, 541.2426, 930.2426, 0
VID193_A5_3_00d06h00m.tif, 925.7574, 920.7574, 934.2426, 929.2426, 0
VID193_A5_3_00d06h00m.tif, 55.7574, 920.7574, 64.2426, 929.2426, 0
VID193_A5_3_00d06h00m.tif, 663.3431, 918.3431, 674.6569, 929.6569, 0
VID193_A5_3_00d06h00m.tif, 1340.3431, 917.3431, 1351.6569, 928.6569, 0
VID193_A5_3_00d06h00m.tif, 808.7574, 916.7574, 817.2426, 925.2426, 0
VID193_A5_3_00d06h00m.tif, 1007.3431, 913.3431, 1018.6569, 924.6569, 0
VID193_A5_3_00d06h00m.tif, 1095.7574, 911.7574, 1104.2426, 920.2426, 0
VID193_A5_3_00d06h00m.tif, 537.7574, 910.7574, 546.2426, 919.2426, 0
VID193_A5_3_00d06h00m.tif, 14.7574, 910.7574, 23.2426, 919.2426, 0
VID193_A5_3_00d06h00m.tif, 440.7574, 908.7574, 449.2426, 917.2426, 0
VID193_A5_3_00d06h00m.tif, 396.3431, 907.3431, 407.6569, 918.6569, 0
VID193_A5_3_00d06h00m.tif, 155.7574, 906.7574, 164.2426, 915.2426, 0
VID193_A5_3_00d06h00m.tif, 0.7574, 906.7574, 9.2426, 915.2426, 0
VID193_A5_3_00d06h00m.tif, 706.7574, 905.7574, 715.2426, 914.2426, 0
VID193_A5_3_00d06h00m.tif, 114.9289, 902.9289, 129.0711, 917.0711, 0
VID193_A5_3_00d06h00m.tif, 1045.7574, 904.7574, 1054.2426, 913.2426, 0
VID193_A5_3_00d06h00m.tif, 489.3431, 903.3431, 500.6569, 914.6569, 0
VID193_A5_3_00d06h00m.tif, 141.7574, 903.7574, 150.2426, 912.2426, 0
VID193_A5_3_00d06h00m.tif, 794.7574, 901.7574, 803.2426, 910.2426, 0
VID193_A5_3_00d06h00m.tif, 310.3431, 900.3431, 321.6569, 911.6569, 0
VID193_A5_3_00d06h00m.tif, 1033.7574, 900.7574, 1042.2426, 909.2426, 0
VID193_A5_3_00d06h00m.tif, 1306.3431, 898.3431, 1317.6569, 909.6569, 0
VID193_A5_3_00d06h00m.tif, 949.7574, 897.7574, 958.2426, 906.2426, 0
VID193_A5_3_00d06h00m.tif, 178.3431, 896.3431, 189.6569, 907.6569, 0
VID193_A5_3_00d06h00m.tif, 1216.7574, 896.7574, 1225.2426, 905.2426, 0
VID193_A5_3_00d06h00m.tif, 834.7574, 895.7574, 843.2426, 904.2426, 0
VID193_A5_3_00d06h00m.tif, 460.7574, 895.7574, 469.2426, 904.2426, 0
VID193_A5_3_00d06h00m.tif, 566.3431, 893.3431, 577.6569, 904.6569, 0
VID193_A5_3_00d06h00m.tif, 373.3431, 893.3431, 384.6569, 904.6569, 0
VID193_A5_3_00d06h00m.tif, 868.3431, 892.3431, 879.6569, 903.6569, 0
VID193_A5_3_00d06h00m.tif, 1139.7574, 888.7574, 1148.2426, 897.2426, 0
VID193_A5_3_00d06h00m.tif, 1381.7574, 887.7574, 1390.2426, 896.2426, 0
VID193_A5_3_00d06h00m.tif, 437.7574, 885.7574, 446.2426, 894.2426, 0
VID193_A5_3_00d06h00m.tif, 996.7574, 882.7574, 1005.2426, 891.2426, 0
VID193_A5_3_00d06h00m.tif, 296.3431, 881.3431, 307.6569, 892.6569, 0
VID193_A5_3_00d06h00m.tif, 112.7574, 881.7574, 121.2426, 890.2426, 0
VID193_A5_3_00d06h00m.tif, 78.7574, 881.7574, 87.2426, 890.2426, 0
VID193_A5_3_00d06h00m.tif, 793.3431, 878.3431, 804.6569, 889.6569, 0
VID193_A5_3_00d06h00m.tif, 543.7574, 879.7574, 552.2426, 888.2426, 0
VID193_A5_3_00d06h00m.tif, 1218.7574, 878.7574, 1227.2426, 887.2426, 0
VID193_A5_3_00d06h00m.tif, 731.7574, 878.7574, 740.2426, 887.2426, 0
VID193_A5_3_00d06h00m.tif, 748.3431, 876.3431, 759.6569, 887.6569, 0
VID193_A5_3_00d06h00m.tif, 146.7574, 877.7574, 155.2426, 886.2426, 0
VID193_A5_3_00d06h00m.tif, 817.7574, 876.7574, 826.2426, 885.2426, 0
VID193_A5_3_00d06h00m.tif, 1379.7574, 874.7574, 1388.2426, 883.2426, 0
VID193_A5_3_00d06h00m.tif, 216.3431, 873.3431, 227.6569, 884.6569, 0
VID193_A5_3_00d06h00m.tif, 464.7574, 873.7574, 473.2426, 882.2426, 0
VID193_A5_3_00d06h00m.tif, 1208.7574, 871.7574, 1217.2426, 880.2426, 0
VID193_A5_3_00d06h00m.tif, 655.7574, 869.7574, 664.2426, 878.2426, 0
VID193_A5_3_00d06h00m.tif, 477.7574, 867.7574, 486.2426, 876.2426, 0
VID193_A5_3_00d06h00m.tif, 1307.3431, 865.3431, 1318.6569, 876.6569, 0
VID193_A5_3_00d06h00m.tif, 1153.7574, 866.7574, 1162.2426, 875.2426, 0
VID193_A5_3_00d06h00m.tif, 705.7574, 866.7574, 714.2426, 875.2426, 0
VID193_A5_3_00d06h00m.tif, 811.3431, 862.3431, 822.6569, 873.6569, 0
VID193_A5_3_00d06h00m.tif, 770.7574, 859.7574, 779.2426, 868.2426, 0
VID193_A5_3_00d06h00m.tif, 1265.7574, 855.7574, 1274.2426, 864.2426, 0
VID193_A5_3_00d06h00m.tif, 1170.7574, 855.7574, 1179.2426, 864.2426, 0
VID193_A5_3_00d06h00m.tif, 1213.9289, 850.9289, 1228.0711, 865.0711, 0
VID193_A5_3_00d06h00m.tif, 393.7574, 852.7574, 402.2426, 861.2426, 0
VID193_A5_3_00d06h00m.tif, 720.7574, 849.7574, 729.2426, 858.2426, 0
VID193_A5_3_00d06h00m.tif, 1141.3431, 847.3431, 1152.6569, 858.6569, 0
VID193_A5_3_00d06h00m.tif, 611.7574, 847.7574, 620.2426, 856.2426, 0
VID193_A5_3_00d06h00m.tif, 491.7574, 846.7574, 500.2426, 855.2426, 0
VID193_A5_3_00d06h00m.tif, 663.7574, 845.7574, 672.2426, 854.2426, 0
VID193_A5_3_00d06h00m.tif, 172.3431, 839.3431, 183.6569, 850.6569, 0
VID193_A5_3_00d06h00m.tif, 104.7574, 840.7574, 113.2426, 849.2426, 0
VID193_A5_3_00d06h00m.tif, 1087.3431, 838.3431, 1098.6569, 849.6569, 0
VID193_A5_3_00d06h00m.tif, 771.3431, 838.3431, 782.6569, 849.6569, 0
VID193_A5_3_00d06h00m.tif, 701.7574, 837.7574, 710.2426, 846.2426, 0
VID193_A5_3_00d06h00m.tif, 188.7574, 836.7574, 197.2426, 845.2426, 0
VID193_A5_3_00d06h00m.tif, 1184.7574, 835.7574, 1193.2426, 844.2426, 0
VID193_A5_3_00d06h00m.tif, 1254.7574, 832.7574, 1263.2426, 841.2426, 0
VID193_A5_3_00d06h00m.tif, 1205.7574, 831.7574, 1214.2426, 840.2426, 0
VID193_A5_3_00d06h00m.tif, 979.7574, 830.7574, 988.2426, 839.2426, 0
VID193_A5_3_00d06h00m.tif, 374.3431, 829.3431, 385.6569, 840.6569, 0
VID193_A5_3_00d06h00m.tif, 45.3431, 829.3431, 56.6569, 840.6569, 0
VID193_A5_3_00d06h00m.tif, 1120.3431, 828.3431, 1131.6569, 839.6569, 0
VID193_A5_3_00d06h00m.tif, 543.7574, 829.7574, 552.2426, 838.2426, 0
VID193_A5_3_00d06h00m.tif, 739.7574, 826.7574, 748.2426, 835.2426, 0
VID193_A5_3_00d06h00m.tif, 759.7574, 825.7574, 768.2426, 834.2426, 0
VID193_A5_3_00d06h00m.tif, 786.7574, 824.7574, 795.2426, 833.2426, 0
VID193_A5_3_00d06h00m.tif, 1239.7574, 823.7574, 1248.2426, 832.2426, 0
VID193_A5_3_00d06h00m.tif, 1017.7574, 822.7574, 1026.2426, 831.2426, 0
VID193_A5_3_00d06h00m.tif, 568.9289, 819.9289, 583.0711, 834.0711, 0
VID193_A5_3_00d06h00m.tif, 201.3431, 821.3431, 212.6569, 832.6569, 0
VID193_A5_3_00d06h00m.tif, 931.7574, 820.7574, 940.2426, 829.2426, 0
VID193_A5_3_00d06h00m.tif, 1182.7574, 817.7574, 1191.2426, 826.2426, 0
VID193_A5_3_00d06h00m.tif, 77.3431, 816.3431, 88.6569, 827.6569, 0
VID193_A5_3_00d06h00m.tif, 400.3431, 815.3431, 411.6569, 826.6569, 0
VID193_A5_3_00d06h00m.tif, 344.7574, 815.7574, 353.2426, 824.2426, 0
VID193_A5_3_00d06h00m.tif, 299.3431, 811.3431, 310.6569, 822.6569, 0
VID193_A5_3_00d06h00m.tif, 1129.7574, 811.7574, 1138.2426, 820.2426, 0
VID193_A5_3_00d06h00m.tif, 711.3431, 808.3431, 722.6569, 819.6569, 0
VID193_A5_3_00d06h00m.tif, 880.7574, 808.7574, 889.2426, 817.2426, 0
VID193_A5_3_00d06h00m.tif, 553.3431, 806.3431, 564.6569, 817.6569, 0
VID193_A5_3_00d06h00m.tif, 913.7574, 805.7574, 922.2426, 814.2426, 0
VID193_A5_3_00d06h00m.tif, 445.3431, 804.3431, 456.6569, 815.6569, 0
VID193_A5_3_00d06h00m.tif, 98.7574, 803.7574, 107.2426, 812.2426, 0
VID193_A5_3_00d06h00m.tif, 840.7574, 802.7574, 849.2426, 811.2426, 0
VID193_A5_3_00d06h00m.tif, 4.7574, 802.7574, 13.2426, 811.2426, 0
VID193_A5_3_00d06h00m.tif, 587.7574, 798.7574, 596.2426, 807.2426, 0
VID193_A5_3_00d06h00m.tif, 141.7574, 797.7574, 150.2426, 806.2426, 0
VID193_A5_3_00d06h00m.tif, 727.7574, 796.7574, 736.2426, 805.2426, 0
VID193_A5_3_00d06h00m.tif, 608.7574, 796.7574, 617.2426, 805.2426, 0
VID193_A5_3_00d06h00m.tif, 827.7574, 795.7574, 836.2426, 804.2426, 0
VID193_A5_3_00d06h00m.tif, 1069.7574, 794.7574, 1078.2426, 803.2426, 0
VID193_A5_3_00d06h00m.tif, 331.7574, 794.7574, 340.2426, 803.2426, 0
VID193_A5_3_00d06h00m.tif, 198.9289, 790.9289, 213.0711, 805.0711, 0
VID193_A5_3_00d06h00m.tif, 1289.7574, 791.7574, 1298.2426, 800.2426, 0
VID193_A5_3_00d06h00m.tif, 29.7574, 791.7574, 38.2426, 800.2426, 0
VID193_A5_3_00d06h00m.tif, 1363.7574, 789.7574, 1372.2426, 798.2426, 0
VID193_A5_3_00d06h00m.tif, 1055.7574, 789.7574, 1064.2426, 798.2426, 0
VID193_A5_3_00d06h00m.tif, 488.3431, 788.3431, 499.6569, 799.6569, 0
VID193_A5_3_00d06h00m.tif, 690.3431, 787.3431, 701.6569, 798.6569, 0
VID193_A5_3_00d06h00m.tif, 1131.7574, 787.7574, 1140.2426, 796.2426, 0
VID193_A5_3_00d06h00m.tif, 541.3431, 786.3431, 552.6569, 797.6569, 0
VID193_A5_3_00d06h00m.tif, 860.7574, 784.7574, 869.2426, 793.2426, 0
VID193_A5_3_00d06h00m.tif, 914.7574, 781.7574, 923.2426, 790.2426, 0
VID193_A5_3_00d06h00m.tif, 828.7574, 781.7574, 837.2426, 790.2426, 0
VID193_A5_3_00d06h00m.tif, 1237.3431, 779.3431, 1248.6569, 790.6569, 0
VID193_A5_3_00d06h00m.tif, 650.7574, 780.7574, 659.2426, 789.2426, 0
VID193_A5_3_00d06h00m.tif, 403.7574, 780.7574, 412.2426, 789.2426, 0
VID193_A5_3_00d06h00m.tif, 606.7574, 779.7574, 615.2426, 788.2426, 0
VID193_A5_3_00d06h00m.tif, 64.7574, 778.7574, 73.2426, 787.2426, 0
VID193_A5_3_00d06h00m.tif, 292.3431, 776.3431, 303.6569, 787.6569, 0
VID193_A5_3_00d06h00m.tif, 999.7574, 776.7574, 1008.2426, 785.2426, 0
VID193_A5_3_00d06h00m.tif, 310.7574, 771.7574, 319.2426, 780.2426, 0
VID193_A5_3_00d06h00m.tif, 889.7574, 770.7574, 898.2426, 779.2426, 0
VID193_A5_3_00d06h00m.tif, 1368.7574, 768.7574, 1377.2426, 777.2426, 0
VID193_A5_3_00d06h00m.tif, 599.3431, 767.3431, 610.6569, 778.6569, 0
VID193_A5_3_00d06h00m.tif, 1221.3431, 766.3431, 1232.6569, 777.6569, 0
VID193_A5_3_00d06h00m.tif, 546.7574, 767.7574, 555.2426, 776.2426, 0
VID193_A5_3_00d06h00m.tif, 993.7574, 766.7574, 1002.2426, 775.2426, 0
VID193_A5_3_00d06h00m.tif, 1355.7574, 765.7574, 1364.2426, 774.2426, 0
VID193_A5_3_00d06h00m.tif, 223.7574, 763.7574, 232.2426, 772.2426, 0
VID193_A5_3_00d06h00m.tif, 335.3431, 761.3431, 346.6569, 772.6569, 0
VID193_A5_3_00d06h00m.tif, 580.9289, 757.9289, 595.0711, 772.0711, 0
VID193_A5_3_00d06h00m.tif, 53.7574, 758.7574, 62.2426, 767.2426, 0
VID193_A5_3_00d06h00m.tif, 1375.3431, 756.3431, 1386.6569, 767.6569, 0
VID193_A5_3_00d06h00m.tif, 293.3431, 754.3431, 304.6569, 765.6569, 0
VID193_A5_3_00d06h00m.tif, 853.7574, 754.7574, 862.2426, 763.2426, 0
VID193_A5_3_00d06h00m.tif, 1296.7574, 753.7574, 1305.2426, 762.2426, 0
VID193_A5_3_00d06h00m.tif, 517.7574, 752.7574, 526.2426, 761.2426, 0
VID193_A5_3_00d06h00m.tif, 241.7574, 751.7574, 250.2426, 760.2426, 0
VID193_A5_3_00d06h00m.tif, 1307.7574, 747.7574, 1316.2426, 756.2426, 0
VID193_A5_3_00d06h00m.tif, 267.7574, 747.7574, 276.2426, 756.2426, 0
VID193_A5_3_00d06h00m.tif, 1192.7574, 746.7574, 1201.2426, 755.2426, 0
VID193_A5_3_00d06h00m.tif, 699.7574, 746.7574, 708.2426, 755.2426, 0
VID193_A5_3_00d06h00m.tif, 583.7574, 745.7574, 592.2426, 754.2426, 0
VID193_A5_3_00d06h00m.tif, 543.3431, 744.3431, 554.6569, 755.6569, 0
VID193_A5_3_00d06h00m.tif, 471.7574, 745.7574, 480.2426, 754.2426, 0
VID193_A5_3_00d06h00m.tif, 232.7574, 745.7574, 241.2426, 754.2426, 0
VID193_A5_3_00d06h00m.tif, 338.7574, 744.7574, 347.2426, 753.2426, 0
VID193_A5_3_00d06h00m.tif, 687.7574, 741.7574, 696.2426, 750.2426, 0
VID193_A5_3_00d06h00m.tif, 622.7574, 741.7574, 631.2426, 750.2426, 0
VID193_A5_3_00d06h00m.tif, 638.3431, 739.3431, 649.6569, 750.6569, 0
VID193_A5_3_00d06h00m.tif, 1367.3431, 738.3431, 1378.6569, 749.6569, 0
VID193_A5_3_00d06h00m.tif, 324.7574, 736.7574, 333.2426, 745.2426, 0
VID193_A5_3_00d06h00m.tif, 1288.7574, 733.7574, 1297.2426, 742.2426, 0
VID193_A5_3_00d06h00m.tif, 954.7574, 733.7574, 963.2426, 742.2426, 0
VID193_A5_3_00d06h00m.tif, 97.3431, 731.3431, 108.6569, 742.6569, 0
VID193_A5_3_00d06h00m.tif, 440.3431, 729.3431, 451.6569, 740.6569, 0
VID193_A5_3_00d06h00m.tif, 810.7574, 728.7574, 819.2426, 737.2426, 0
VID193_A5_3_00d06h00m.tif, 202.5147, 723.5147, 219.4853, 740.4853, 0
VID193_A5_3_00d06h00m.tif, 1268.5147, 720.5147, 1285.4853, 737.4853, 0
VID193_A5_3_00d06h00m.tif, 242.3431, 723.3431, 253.6569, 734.6569, 0
VID193_A5_3_00d06h00m.tif, 1198.7574, 723.7574, 1207.2426, 732.2426, 0
VID193_A5_3_00d06h00m.tif, 983.7574, 722.7574, 992.2426, 731.2426, 0
VID193_A5_3_00d06h00m.tif, 374.3431, 721.3431, 385.6569, 732.6569, 0
VID193_A5_3_00d06h00m.tif, 480.7574, 721.7574, 489.2426, 730.2426, 0
VID193_A5_3_00d06h00m.tif, 1244.3431, 719.3431, 1255.6569, 730.6569, 0
VID193_A5_3_00d06h00m.tif, 1386.7574, 719.7574, 1395.2426, 728.2426, 0
VID193_A5_3_00d06h00m.tif, 696.3431, 717.3431, 707.6569, 728.6569, 0
VID193_A5_3_00d06h00m.tif, 846.3431, 716.3431, 857.6569, 727.6569, 0
VID193_A5_3_00d06h00m.tif, 618.7574, 716.7574, 627.2426, 725.2426, 0
VID193_A5_3_00d06h00m.tif, 221.7574, 715.7574, 230.2426, 724.2426, 0
VID193_A5_3_00d06h00m.tif, 1292.3431, 712.3431, 1303.6569, 723.6569, 0
VID193_A5_3_00d06h00m.tif, 938.7574, 713.7574, 947.2426, 722.2426, 0
VID193_A5_3_00d06h00m.tif, 887.7574, 711.7574, 896.2426, 720.2426, 0
VID193_A5_3_00d06h00m.tif, 678.7574, 710.7574, 687.2426, 719.2426, 0
VID193_A5_3_00d06h00m.tif, 304.3431, 709.3431, 315.6569, 720.6569, 0
VID193_A5_3_00d06h00m.tif, 580.7574, 709.7574, 589.2426, 718.2426, 0
VID193_A5_3_00d06h00m.tif, 196.7574, 709.7574, 205.2426, 718.2426, 0
VID193_A5_3_00d06h00m.tif, 1152.7574, 704.7574, 1161.2426, 713.2426, 0
VID193_A5_3_00d06h00m.tif, 128.7574, 703.7574, 137.2426, 712.2426, 0
VID193_A5_3_00d06h00m.tif, 31.3431, 701.3431, 42.6569, 712.6569, 0
VID193_A5_3_00d06h00m.tif, 604.7574, 701.7574, 613.2426, 710.2426, 0
VID193_A5_3_00d06h00m.tif, 1385.7574, 700.7574, 1394.2426, 709.2426, 0
VID193_A5_3_00d06h00m.tif, 660.7574, 700.7574, 669.2426, 709.2426, 0
VID193_A5_3_00d06h00m.tif, 543.7574, 700.7574, 552.2426, 709.2426, 0
VID193_A5_3_00d06h00m.tif, 922.7574, 698.7574, 931.2426, 707.2426, 0
VID193_A5_3_00d06h00m.tif, 233.7574, 698.7574, 242.2426, 707.2426, 0
VID193_A5_3_00d06h00m.tif, 908.3431, 693.3431, 919.6569, 704.6569, 0
VID193_A5_3_00d06h00m.tif, 882.7574, 691.7574, 891.2426, 700.2426, 0
VID193_A5_3_00d06h00m.tif, 735.7574, 691.7574, 744.2426, 700.2426, 0
VID193_A5_3_00d06h00m.tif, 1287.7574, 690.7574, 1296.2426, 699.2426, 0
VID193_A5_3_00d06h00m.tif, 1390.7574, 689.7574, 1399.2426, 698.2426, 0
VID193_A5_3_00d06h00m.tif, 863.3431, 685.3431, 874.6569, 696.6569, 0
VID193_A5_3_00d06h00m.tif, 1379.7574, 683.7574, 1388.2426, 692.2426, 0
VID193_A5_3_00d06h00m.tif, 1177.7574, 683.7574, 1186.2426, 692.2426, 0
VID193_A5_3_00d06h00m.tif, 555.3431, 682.3431, 566.6569, 693.6569, 0
VID193_A5_3_00d06h00m.tif, 353.7574, 680.7574, 362.2426, 689.2426, 0
VID193_A5_3_00d06h00m.tif, 576.7574, 679.7574, 585.2426, 688.2426, 0
VID193_A5_3_00d06h00m.tif, 600.7574, 677.7574, 609.2426, 686.2426, 0
VID193_A5_3_00d06h00m.tif, 14.3431, 676.3431, 25.6569, 687.6569, 0
VID193_A5_3_00d06h00m.tif, 876.7574, 676.7574, 885.2426, 685.2426, 0
VID193_A5_3_00d06h00m.tif, 1194.7574, 675.7574, 1203.2426, 684.2426, 0
VID193_A5_3_00d06h00m.tif, 1021.7574, 675.7574, 1030.2426, 684.2426, 0
VID193_A5_3_00d06h00m.tif, 632.3431, 674.3431, 643.6569, 685.6569, 0
VID193_A5_3_00d06h00m.tif, 36.7574, 675.7574, 45.2426, 684.2426, 0
VID193_A5_3_00d06h00m.tif, 1396.7574, 672.7574, 1405.2426, 681.2426, 0
VID193_A5_3_00d06h00m.tif, 331.7574, 672.7574, 340.2426, 681.2426, 0
VID193_A5_3_00d06h00m.tif, 261.3431, 671.3431, 272.6569, 682.6569, 0
VID193_A5_3_00d06h00m.tif, 802.7574, 671.7574, 811.2426, 680.2426, 0
VID193_A5_3_00d06h00m.tif, 64.7574, 671.7574, 73.2426, 680.2426, 0
VID193_A5_3_00d06h00m.tif, 721.3431, 669.3431, 732.6569, 680.6569, 0
VID193_A5_3_00d06h00m.tif, 84.7574, 670.7574, 93.2426, 679.2426, 0
VID193_A5_3_00d06h00m.tif, 146.7574, 669.7574, 155.2426, 678.2426, 0
VID193_A5_3_00d06h00m.tif, 314.7574, 668.7574, 323.2426, 677.2426, 0
VID193_A5_3_00d06h00m.tif, 194.7574, 668.7574, 203.2426, 677.2426, 0
VID193_A5_3_00d06h00m.tif, 50.7574, 668.7574, 59.2426, 677.2426, 0
VID193_A5_3_00d06h00m.tif, 674.7574, 665.7574, 683.2426, 674.2426, 0
VID193_A5_3_00d06h00m.tif, 688.7574, 664.7574, 697.2426, 673.2426, 0
VID193_A5_3_00d06h00m.tif, 462.7574, 664.7574, 471.2426, 673.2426, 0
VID193_A5_3_00d06h00m.tif, 1293.3431, 662.3431, 1304.6569, 673.6569, 0
VID193_A5_3_00d06h00m.tif, 787.7574, 662.7574, 796.2426, 671.2426, 0
VID193_A5_3_00d06h00m.tif, 703.7574, 662.7574, 712.2426, 671.2426, 0
VID193_A5_3_00d06h00m.tif, 216.7574, 662.7574, 225.2426, 671.2426, 0
VID193_A5_3_00d06h00m.tif, 107.3431, 661.3431, 118.6569, 672.6569, 0
VID193_A5_3_00d06h00m.tif, 1240.3431, 659.3431, 1251.6569, 670.6569, 0
VID193_A5_3_00d06h00m.tif, 1025.3431, 658.3431, 1036.6569, 669.6569, 0
VID193_A5_3_00d06h00m.tif, 1080.7574, 658.7574, 1089.2426, 667.2426, 0
VID193_A5_3_00d06h00m.tif, 616.7574, 657.7574, 625.2426, 666.2426, 0
VID193_A5_3_00d06h00m.tif, 1138.3431, 655.3431, 1149.6569, 666.6569, 0
VID193_A5_3_00d06h00m.tif, 1111.7574, 656.7574, 1120.2426, 665.2426, 0
VID193_A5_3_00d06h00m.tif, 182.7574, 654.7574, 191.2426, 663.2426, 0
VID193_A5_3_00d06h00m.tif, 629.3431, 652.3431, 640.6569, 663.6569, 0
VID193_A5_3_00d06h00m.tif, 1222.3431, 651.3431, 1233.6569, 662.6569, 0
VID193_A5_3_00d06h00m.tif, 1170.3431, 649.3431, 1181.6569, 660.6569, 0
VID193_A5_3_00d06h00m.tif, 1368.7574, 649.7574, 1377.2426, 658.2426, 0
VID193_A5_3_00d06h00m.tif, 503.7574, 647.7574, 512.2426, 656.2426, 0
VID193_A5_3_00d06h00m.tif, 264.7574, 647.7574, 273.2426, 656.2426, 0
VID193_A5_3_00d06h00m.tif, 108.7574, 647.7574, 117.2426, 656.2426, 0
VID193_A5_3_00d06h00m.tif, 1077.7574, 646.7574, 1086.2426, 655.2426, 0
VID193_A5_3_00d06h00m.tif, 519.7574, 645.7574, 528.2426, 654.2426, 0
VID193_A5_3_00d06h00m.tif, 1272.3431, 642.3431, 1283.6569, 653.6569, 0
VID193_A5_3_00d06h00m.tif, 950.3431, 641.3431, 961.6569, 652.6569, 0
VID193_A5_3_00d06h00m.tif, 42.3431, 641.3431, 53.6569, 652.6569, 0
VID193_A5_3_00d06h00m.tif, 1298.3431, 640.3431, 1309.6569, 651.6569, 0
VID193_A5_3_00d06h00m.tif, 680.3431, 640.3431, 691.6569, 651.6569, 0
VID193_A5_3_00d06h00m.tif, 3.3431, 640.3431, 14.6569, 651.6569, 0
VID193_A5_3_00d06h00m.tif, 1216.7574, 639.7574, 1225.2426, 648.2426, 0
VID193_A5_3_00d06h00m.tif, 1333.3431, 637.3431, 1344.6569, 648.6569, 0
VID193_A5_3_00d06h00m.tif, 173.7574, 637.7574, 182.2426, 646.2426, 0
VID193_A5_3_00d06h00m.tif, 857.7574, 636.7574, 866.2426, 645.2426, 0
VID193_A5_3_00d06h00m.tif, 273.7574, 636.7574, 282.2426, 645.2426, 0
VID193_A5_3_00d06h00m.tif, 846.7574, 630.7574, 855.2426, 639.2426, 0
VID193_A5_3_00d06h00m.tif, 196.7574, 630.7574, 205.2426, 639.2426, 0
VID193_A5_3_00d06h00m.tif, 227.7574, 629.7574, 236.2426, 638.2426, 0
VID193_A5_3_00d06h00m.tif, 567.7574, 628.7574, 576.2426, 637.2426, 0
VID193_A5_3_00d06h00m.tif, 299.7574, 627.7574, 308.2426, 636.2426, 0
VID193_A5_3_00d06h00m.tif, 487.7574, 626.7574, 496.2426, 635.2426, 0
VID193_A5_3_00d06h00m.tif, 340.7574, 624.7574, 349.2426, 633.2426, 0
VID193_A5_3_00d06h00m.tif, 148.7574, 624.7574, 157.2426, 633.2426, 0
VID193_A5_3_00d06h00m.tif, 604.7574, 623.7574, 613.2426, 632.2426, 0
VID193_A5_3_00d06h00m.tif, 160.3431, 622.3431, 171.6569, 633.6569, 0
VID193_A5_3_00d06h00m.tif, 1060.7574, 622.7574, 1069.2426, 631.2426, 0
VID193_A5_3_00d06h00m.tif, 406.7574, 621.7574, 415.2426, 630.2426, 0
VID193_A5_3_00d06h00m.tif, 1285.7574, 618.7574, 1294.2426, 627.2426, 0
VID193_A5_3_00d06h00m.tif, 650.3431, 617.3431, 661.6569, 628.6569, 0
VID193_A5_3_00d06h00m.tif, 1144.7574, 616.7574, 1153.2426, 625.2426, 0
VID193_A5_3_00d06h00m.tif, 885.7574, 616.7574, 894.2426, 625.2426, 0
VID193_A5_3_00d06h00m.tif, 280.7574, 615.7574, 289.2426, 624.2426, 0
VID193_A5_3_00d06h00m.tif, 704.7574, 614.7574, 713.2426, 623.2426, 0
VID193_A5_3_00d06h00m.tif, 1075.3431, 612.3431, 1086.6569, 623.6569, 0
VID193_A5_3_00d06h00m.tif, 520.7574, 611.7574, 529.2426, 620.2426, 0
VID193_A5_3_00d06h00m.tif, 201.7574, 610.7574, 210.2426, 619.2426, 0
VID193_A5_3_00d06h00m.tif, 551.7574, 608.7574, 560.2426, 617.2426, 0
VID193_A5_3_00d06h00m.tif, 897.7574, 607.7574, 906.2426, 616.2426, 0
VID193_A5_3_00d06h00m.tif, 693.7574, 607.7574, 702.2426, 616.2426, 0
VID193_A5_3_00d06h00m.tif, 815.3431, 605.3431, 826.6569, 616.6569, 0
VID193_A5_3_00d06h00m.tif, 574.7574, 605.7574, 583.2426, 614.2426, 0
VID193_A5_3_00d06h00m.tif, 267.7574, 603.7574, 276.2426, 612.2426, 0
VID193_A5_3_00d06h00m.tif, 82.3431, 601.3431, 93.6569, 612.6569, 0
VID193_A5_3_00d06h00m.tif, 496.3431, 599.3431, 507.6569, 610.6569, 0
VID193_A5_3_00d06h00m.tif, 1355.7574, 598.7574, 1364.2426, 607.2426, 0
VID193_A5_3_00d06h00m.tif, 1230.9289, 594.9289, 1245.0711, 609.0711, 0
VID193_A5_3_00d06h00m.tif, 609.7574, 596.7574, 618.2426, 605.2426, 0
VID193_A5_3_00d06h00m.tif, 1054.9289, 592.9289, 1069.0711, 607.0711, 0
VID193_A5_3_00d06h00m.tif, 735.7574, 594.7574, 744.2426, 603.2426, 0
VID193_A5_3_00d06h00m.tif, 764.7574, 592.7574, 773.2426, 601.2426, 0
VID193_A5_3_00d06h00m.tif, 695.3431, 591.3431, 706.6569, 602.6569, 0
VID193_A5_3_00d06h00m.tif, 57.9289, 587.9289, 72.0711, 602.0711, 0
VID193_A5_3_00d06h00m.tif, 557.3431, 588.3431, 568.6569, 599.6569, 0
VID193_A5_3_00d06h00m.tif, 140.7574, 589.7574, 149.2426, 598.2426, 0
VID193_A5_3_00d06h00m.tif, 204.7574, 588.7574, 213.2426, 597.2426, 0
VID193_A5_3_00d06h00m.tif, 1317.3431, 586.3431, 1328.6569, 597.6569, 0
VID193_A5_3_00d06h00m.tif, 1146.7574, 586.7574, 1155.2426, 595.2426, 0
VID193_A5_3_00d06h00m.tif, 751.7574, 584.7574, 760.2426, 593.2426, 0
VID193_A5_3_00d06h00m.tif, 273.7574, 584.7574, 282.2426, 593.2426, 0
VID193_A5_3_00d06h00m.tif, 407.7574, 583.7574, 416.2426, 592.2426, 0
VID193_A5_3_00d06h00m.tif, 1290.7574, 582.7574, 1299.2426, 591.2426, 0
VID193_A5_3_00d06h00m.tif, 1038.7574, 580.7574, 1047.2426, 589.2426, 0
VID193_A5_3_00d06h00m.tif, 831.7574, 577.7574, 840.2426, 586.2426, 0
VID193_A5_3_00d06h00m.tif, 1243.7574, 575.7574, 1252.2426, 584.2426, 0
VID193_A5_3_00d06h00m.tif, 196.7574, 575.7574, 205.2426, 584.2426, 0
VID193_A5_3_00d06h00m.tif, 1160.3431, 572.3431, 1171.6569, 583.6569, 0
VID193_A5_3_00d06h00m.tif, 432.7574, 573.7574, 441.2426, 582.2426, 0
VID193_A5_3_00d06h00m.tif, 419.7574, 573.7574, 428.2426, 582.2426, 0
VID193_A5_3_00d06h00m.tif, 1342.3431, 571.3431, 1353.6569, 582.6569, 0
VID193_A5_3_00d06h00m.tif, 109.7574, 572.7574, 118.2426, 581.2426, 0
VID193_A5_3_00d06h00m.tif, 929.7574, 568.7574, 938.2426, 577.2426, 0
VID193_A5_3_00d06h00m.tif, 642.7574, 568.7574, 651.2426, 577.2426, 0
VID193_A5_3_00d06h00m.tif, 452.7574, 568.7574, 461.2426, 577.2426, 0
VID193_A5_3_00d06h00m.tif, 950.3431, 566.3431, 961.6569, 577.6569, 0
VID193_A5_3_00d06h00m.tif, 1393.3431, 564.3431, 1404.6569, 575.6569, 0
VID193_A5_3_00d06h00m.tif, 1225.7574, 565.7574, 1234.2426, 574.2426, 0
VID193_A5_3_00d06h00m.tif, 324.7574, 565.7574, 333.2426, 574.2426, 0
VID193_A5_3_00d06h00m.tif, 157.3431, 564.3431, 168.6569, 575.6569, 0
VID193_A5_3_00d06h00m.tif, 289.7574, 564.7574, 298.2426, 573.2426, 0
VID193_A5_3_00d06h00m.tif, 989.7574, 562.7574, 998.2426, 571.2426, 0
VID193_A5_3_00d06h00m.tif, 820.3431, 558.3431, 831.6569, 569.6569, 0
VID193_A5_3_00d06h00m.tif, 176.7574, 559.7574, 185.2426, 568.2426, 0
VID193_A5_3_00d06h00m.tif, 367.7574, 558.7574, 376.2426, 567.2426, 0
VID193_A5_3_00d06h00m.tif, 935.7574, 557.7574, 944.2426, 566.2426, 0
VID193_A5_3_00d06h00m.tif, 625.7574, 554.7574, 634.2426, 563.2426, 0
VID193_A5_3_00d06h00m.tif, 57.7574, 554.7574, 66.2426, 563.2426, 0
VID193_A5_3_00d06h00m.tif, 238.3431, 552.3431, 249.6569, 563.6569, 0
VID193_A5_3_00d06h00m.tif, 1246.3431, 551.3431, 1257.6569, 562.6569, 0
VID193_A5_3_00d06h00m.tif, 741.7574, 552.7574, 750.2426, 561.2426, 0
VID193_A5_3_00d06h00m.tif, 1108.7574, 550.7574, 1117.2426, 559.2426, 0
VID193_A5_3_00d06h00m.tif, 762.3431, 547.3431, 773.6569, 558.6569, 0
VID193_A5_3_00d06h00m.tif, 524.7574, 547.7574, 533.2426, 556.2426, 0
VID193_A5_3_00d06h00m.tif, 400.7574, 547.7574, 409.2426, 556.2426, 0
VID193_A5_3_00d06h00m.tif, 615.7574, 546.7574, 624.2426, 555.2426, 0
VID193_A5_3_00d06h00m.tif, 591.3431, 545.3431, 602.6569, 556.6569, 0
VID193_A5_3_00d06h00m.tif, 83.3431, 543.3431, 94.6569, 554.6569, 0
VID193_A5_3_00d06h00m.tif, 908.7574, 543.7574, 917.2426, 552.2426, 0
VID193_A5_3_00d06h00m.tif, 1367.7574, 542.7574, 1376.2426, 551.2426, 0
VID193_A5_3_00d06h00m.tif, 683.3431, 540.3431, 694.6569, 551.6569, 0
VID193_A5_3_00d06h00m.tif, 7.7574, 541.7574, 16.2426, 550.2426, 0
VID193_A5_3_00d06h00m.tif, 512.7574, 540.7574, 521.2426, 549.2426, 0
VID193_A5_3_00d06h00m.tif, 96.7574, 539.7574, 105.2426, 548.2426, 0
VID193_A5_3_00d06h00m.tif, 1050.3431, 537.3431, 1061.6569, 548.6569, 0
VID193_A5_3_00d06h00m.tif, 388.7574, 537.7574, 397.2426, 546.2426, 0
VID193_A5_3_00d06h00m.tif, 951.7574, 536.7574, 960.2426, 545.2426, 0
VID193_A5_3_00d06h00m.tif, 564.7574, 536.7574, 573.2426, 545.2426, 0
VID193_A5_3_00d06h00m.tif, 1119.7574, 535.7574, 1128.2426, 544.2426, 0
VID193_A5_3_00d06h00m.tif, 476.7574, 534.7574, 485.2426, 543.2426, 0
VID193_A5_3_00d06h00m.tif, 726.7574, 533.7574, 735.2426, 542.2426, 0
VID193_A5_3_00d06h00m.tif, 488.7574, 533.7574, 497.2426, 542.2426, 0
VID193_A5_3_00d06h00m.tif, 449.9289, 530.9289, 464.0711, 545.0711, 0
VID193_A5_3_00d06h00m.tif, 42.7574, 533.7574, 51.2426, 542.2426, 0
VID193_A5_3_00d06h00m.tif, 865.3431, 531.3431, 876.6569, 542.6569, 0
VID193_A5_3_00d06h00m.tif, 1202.7574, 530.7574, 1211.2426, 539.2426, 0
VID193_A5_3_00d06h00m.tif, 179.7574, 530.7574, 188.2426, 539.2426, 0
VID193_A5_3_00d06h00m.tif, 163.3431, 529.3431, 174.6569, 540.6569, 0
VID193_A5_3_00d06h00m.tif, 10.7574, 530.7574, 19.2426, 539.2426, 0
VID193_A5_3_00d06h00m.tif, 1261.7574, 528.7574, 1270.2426, 537.2426, 0
VID193_A5_3_00d06h00m.tif, 881.7574, 528.7574, 890.2426, 537.2426, 0
VID193_A5_3_00d06h00m.tif, 737.7574, 528.7574, 746.2426, 537.2426, 0
VID193_A5_3_00d06h00m.tif, 931.7574, 527.7574, 940.2426, 536.2426, 0
VID193_A5_3_00d06h00m.tif, 114.7574, 526.7574, 123.2426, 535.2426, 0
VID193_A5_3_00d06h00m.tif, 800.7574, 524.7574, 809.2426, 533.2426, 0
VID193_A5_3_00d06h00m.tif, 55.9289, 521.9289, 70.0711, 536.0711, 0
VID193_A5_3_00d06h00m.tif, 1194.7574, 523.7574, 1203.2426, 532.2426, 0
VID193_A5_3_00d06h00m.tif, 566.7574, 522.7574, 575.2426, 531.2426, 0
VID193_A5_3_00d06h00m.tif, 1134.7574, 519.7574, 1143.2426, 528.2426, 0
VID193_A5_3_00d06h00m.tif, 697.3431, 517.3431, 708.6569, 528.6569, 0
VID193_A5_3_00d06h00m.tif, 45.7574, 517.7574, 54.2426, 526.2426, 0
VID193_A5_3_00d06h00m.tif, 766.7574, 513.7574, 775.2426, 522.2426, 0
VID193_A5_3_00d06h00m.tif, 237.9289, 510.9289, 252.0711, 525.0711, 0
VID193_A5_3_00d06h00m.tif, 942.1005, 507.1005, 961.8995, 526.8995, 0
VID193_A5_3_00d06h00m.tif, 739.7574, 512.7574, 748.2426, 521.2426, 0
VID193_A5_3_00d06h00m.tif, 1263.7574, 511.7574, 1272.2426, 520.2426, 0
VID193_A5_3_00d06h00m.tif, 1302.7574, 508.7574, 1311.2426, 517.2426, 0
VID193_A5_3_00d06h00m.tif, 1070.7574, 506.7574, 1079.2426, 515.2426, 0
VID193_A5_3_00d06h00m.tif, 655.7574, 506.7574, 664.2426, 515.2426, 0
VID193_A5_3_00d06h00m.tif, 257.3431, 505.3431, 268.6569, 516.6569, 0
VID193_A5_3_00d06h00m.tif, 156.7574, 505.7574, 165.2426, 514.2426, 0
VID193_A5_3_00d06h00m.tif, 1170.7574, 504.7574, 1179.2426, 513.2426, 0
VID193_A5_3_00d06h00m.tif, 363.3431, 503.3431, 374.6569, 514.6569, 0
VID193_A5_3_00d06h00m.tif, 122.3431, 503.3431, 133.6569, 514.6569, 0
VID193_A5_3_00d06h00m.tif, 421.7574, 503.7574, 430.2426, 512.2426, 0
VID193_A5_3_00d06h00m.tif, 1271.7574, 502.7574, 1280.2426, 511.2426, 0
VID193_A5_3_00d06h00m.tif, 948.7574, 501.7574, 957.2426, 510.2426, 0
VID193_A5_3_00d06h00m.tif, 439.7574, 501.7574, 448.2426, 510.2426, 0
VID193_A5_3_00d06h00m.tif, 818.7574, 496.7574, 827.2426, 505.2426, 0
VID193_A5_3_00d06h00m.tif, 1313.3431, 494.3431, 1324.6569, 505.6569, 0
VID193_A5_3_00d06h00m.tif, 1226.7574, 495.7574, 1235.2426, 504.2426, 0
VID193_A5_3_00d06h00m.tif, 1043.7574, 495.7574, 1052.2426, 504.2426, 0
VID193_A5_3_00d06h00m.tif, 1073.7574, 494.7574, 1082.2426, 503.2426, 0
VID193_A5_3_00d06h00m.tif, 1060.7574, 493.7574, 1069.2426, 502.2426, 0
VID193_A5_3_00d06h00m.tif, 483.7574, 493.7574, 492.2426, 502.2426, 0
VID193_A5_3_00d06h00m.tif, 247.7574, 492.7574, 256.2426, 501.2426, 0
VID193_A5_3_00d06h00m.tif, 641.7574, 491.7574, 650.2426, 500.2426, 0
VID193_A5_3_00d06h00m.tif, 319.7574, 491.7574, 328.2426, 500.2426, 0
VID193_A5_3_00d06h00m.tif, 370.3431, 488.3431, 381.6569, 499.6569, 0
VID193_A5_3_00d06h00m.tif, 1253.7574, 487.7574, 1262.2426, 496.2426, 0
VID193_A5_3_00d06h00m.tif, 137.3431, 486.3431, 148.6569, 497.6569, 0
VID193_A5_3_00d06h00m.tif, 1361.7574, 485.7574, 1370.2426, 494.2426, 0
VID193_A5_3_00d06h00m.tif, 835.7574, 485.7574, 844.2426, 494.2426, 0
VID193_A5_3_00d06h00m.tif, 221.3431, 484.3431, 232.6569, 495.6569, 0
VID193_A5_3_00d06h00m.tif, 77.3431, 484.3431, 88.6569, 495.6569, 0
VID193_A5_3_00d06h00m.tif, 897.3431, 483.3431, 908.6569, 494.6569, 0
VID193_A5_3_00d06h00m.tif, 976.7574, 483.7574, 985.2426, 492.2426, 0
VID193_A5_3_00d06h00m.tif, 710.7574, 482.7574, 719.2426, 491.2426, 0
VID193_A5_3_00d06h00m.tif, 474.7574, 482.7574, 483.2426, 491.2426, 0
VID193_A5_3_00d06h00m.tif, 456.7574, 482.7574, 465.2426, 491.2426, 0
VID193_A5_3_00d06h00m.tif, 175.3431, 481.3431, 186.6569, 492.6569, 0
VID193_A5_3_00d06h00m.tif, 1272.7574, 480.7574, 1281.2426, 489.2426, 0
VID193_A5_3_00d06h00m.tif, 333.9289, 476.9289, 348.0711, 491.0711, 0
VID193_A5_3_00d06h00m.tif, 1291.7574, 473.7574, 1300.2426, 482.2426, 0
VID193_A5_3_00d06h00m.tif, 1177.7574, 473.7574, 1186.2426, 482.2426, 0
VID193_A5_3_00d06h00m.tif, 817.3431, 472.3431, 828.6569, 483.6569, 0
VID193_A5_3_00d06h00m.tif, 1321.3431, 471.3431, 1332.6569, 482.6569, 0
VID193_A5_3_00d06h00m.tif, 718.7574, 472.7574, 727.2426, 481.2426, 0
VID193_A5_3_00d06h00m.tif, 965.7574, 468.7574, 974.2426, 477.2426, 0
VID193_A5_3_00d06h00m.tif, 297.3431, 467.3431, 308.6569, 478.6569, 0
VID193_A5_3_00d06h00m.tif, 1074.3431, 466.3431, 1085.6569, 477.6569, 0
VID193_A5_3_00d06h00m.tif, 361.7574, 467.7574, 370.2426, 476.2426, 0
VID193_A5_3_00d06h00m.tif, 594.7574, 466.7574, 603.2426, 475.2426, 0
VID193_A5_3_00d06h00m.tif, 1059.3431, 464.3431, 1070.6569, 475.6569, 0
VID193_A5_3_00d06h00m.tif, 436.7574, 464.7574, 445.2426, 473.2426, 0
VID193_A5_3_00d06h00m.tif, 418.3431, 462.3431, 429.6569, 473.6569, 0
VID193_A5_3_00d06h00m.tif, 1212.7574, 462.7574, 1221.2426, 471.2426, 0
VID193_A5_3_00d06h00m.tif, 980.3431, 461.3431, 991.6569, 472.6569, 0
VID193_A5_3_00d06h00m.tif, 997.7574, 461.7574, 1006.2426, 470.2426, 0
VID193_A5_3_00d06h00m.tif, 1385.7574, 460.7574, 1394.2426, 469.2426, 0
VID193_A5_3_00d06h00m.tif, 167.7574, 460.7574, 176.2426, 469.2426, 0
VID193_A5_3_00d06h00m.tif, 953.7574, 458.7574, 962.2426, 467.2426, 0
VID193_A5_3_00d06h00m.tif, 1157.7574, 457.7574, 1166.2426, 466.2426, 0
VID193_A5_3_00d06h00m.tif, 1034.7574, 457.7574, 1043.2426, 466.2426, 0
VID193_A5_3_00d06h00m.tif, 925.3431, 456.3431, 936.6569, 467.6569, 0
VID193_A5_3_00d06h00m.tif, 62.7574, 456.7574, 71.2426, 465.2426, 0
VID193_A5_3_00d06h00m.tif, 1327.3431, 450.3431, 1338.6569, 461.6569, 0
VID193_A5_3_00d06h00m.tif, 611.3431, 449.3431, 622.6569, 460.6569, 0
VID193_A5_3_00d06h00m.tif, 557.7574, 449.7574, 566.2426, 458.2426, 0
VID193_A5_3_00d06h00m.tif, 1054.7574, 448.7574, 1063.2426, 457.2426, 0
VID193_A5_3_00d06h00m.tif, 77.3431, 444.3431, 88.6569, 455.6569, 0
VID193_A5_3_00d06h00m.tif, 1043.7574, 444.7574, 1052.2426, 453.2426, 0
VID193_A5_3_00d06h00m.tif, 324.7574, 444.7574, 333.2426, 453.2426, 0
VID193_A5_3_00d06h00m.tif, 945.7574, 441.7574, 954.2426, 450.2426, 0
VID193_A5_3_00d06h00m.tif, 866.7574, 441.7574, 875.2426, 450.2426, 0
VID193_A5_3_00d06h00m.tif, 834.7574, 441.7574, 843.2426, 450.2426, 0
VID193_A5_3_00d06h00m.tif, 94.7574, 439.7574, 103.2426, 448.2426, 0
VID193_A5_3_00d06h00m.tif, 40.3431, 438.3431, 51.6569, 449.6569, 0
VID193_A5_3_00d06h00m.tif, 1263.7574, 438.7574, 1272.2426, 447.2426, 0
VID193_A5_3_00d06h00m.tif, 1349.7574, 437.7574, 1358.2426, 446.2426, 0
VID193_A5_3_00d06h00m.tif, 1238.3431, 436.3431, 1249.6569, 447.6569, 0
VID193_A5_3_00d06h00m.tif, 153.3431, 436.3431, 164.6569, 447.6569, 0
VID193_A5_3_00d06h00m.tif, 1205.7574, 436.7574, 1214.2426, 445.2426, 0
VID193_A5_3_00d06h00m.tif, 1007.7574, 433.7574, 1016.2426, 442.2426, 0
VID193_A5_3_00d06h00m.tif, 416.7574, 433.7574, 425.2426, 442.2426, 0
VID193_A5_3_00d06h00m.tif, 462.7574, 432.7574, 471.2426, 441.2426, 0
VID193_A5_3_00d06h00m.tif, 20.7574, 430.7574, 29.2426, 439.2426, 0
VID193_A5_3_00d06h00m.tif, 979.3431, 424.3431, 990.6569, 435.6569, 0
VID193_A5_3_00d06h00m.tif, 716.7574, 422.7574, 725.2426, 431.2426, 0
VID193_A5_3_00d06h00m.tif, 245.7574, 422.7574, 254.2426, 431.2426, 0
VID193_A5_3_00d06h00m.tif, 316.3431, 420.3431, 327.6569, 431.6569, 0
VID193_A5_3_00d06h00m.tif, 161.7574, 421.7574, 170.2426, 430.2426, 0
VID193_A5_3_00d06h00m.tif, 1057.7574, 420.7574, 1066.2426, 429.2426, 0
VID193_A5_3_00d06h00m.tif, 422.7574, 420.7574, 431.2426, 429.2426, 0
VID193_A5_3_00d06h00m.tif, 36.7574, 420.7574, 45.2426, 429.2426, 0
VID193_A5_3_00d06h00m.tif, 1366.3431, 416.3431, 1377.6569, 427.6569, 0
VID193_A5_3_00d06h00m.tif, 129.7574, 416.7574, 138.2426, 425.2426, 0
VID193_A5_3_00d06h00m.tif, 999.7574, 413.7574, 1008.2426, 422.2426, 0
VID193_A5_3_00d06h00m.tif, 884.7574, 413.7574, 893.2426, 422.2426, 0
VID193_A5_3_00d06h00m.tif, 1161.7574, 407.7574, 1170.2426, 416.2426, 0
VID193_A5_3_00d06h00m.tif, 445.7574, 406.7574, 454.2426, 415.2426, 0
VID193_A5_3_00d06h00m.tif, 403.7574, 406.7574, 412.2426, 415.2426, 0
VID193_A5_3_00d06h00m.tif, 56.7574, 406.7574, 65.2426, 415.2426, 0
VID193_A5_3_00d06h00m.tif, 228.7574, 404.7574, 237.2426, 413.2426, 0
VID193_A5_3_00d06h00m.tif, 1222.7574, 403.7574, 1231.2426, 412.2426, 0
VID193_A5_3_00d06h00m.tif, 1135.7574, 402.7574, 1144.2426, 411.2426, 0
VID193_A5_3_00d06h00m.tif, 1255.7574, 399.7574, 1264.2426, 408.2426, 0
VID193_A5_3_00d06h00m.tif, 251.7574, 399.7574, 260.2426, 408.2426, 0
VID193_A5_3_00d06h00m.tif, 611.3431, 396.3431, 622.6569, 407.6569, 0
VID193_A5_3_00d06h00m.tif, 194.3431, 395.3431, 205.6569, 406.6569, 0
VID193_A5_3_00d06h00m.tif, 301.7574, 394.7574, 310.2426, 403.2426, 0
VID193_A5_3_00d06h00m.tif, 219.7574, 394.7574, 228.2426, 403.2426, 0
VID193_A5_3_00d06h00m.tif, 56.7574, 392.7574, 65.2426, 401.2426, 0
VID193_A5_3_00d06h00m.tif, 29.7574, 392.7574, 38.2426, 401.2426, 0
VID193_A5_3_00d06h00m.tif, 1099.7574, 391.7574, 1108.2426, 400.2426, 0
VID193_A5_3_00d06h00m.tif, 960.7574, 391.7574, 969.2426, 400.2426, 0
VID193_A5_3_00d06h00m.tif, 772.3431, 390.3431, 783.6569, 401.6569, 0
VID193_A5_3_00d06h00m.tif, 870.7574, 390.7574, 879.2426, 399.2426, 0
VID193_A5_3_00d06h00m.tif, 532.7574, 390.7574, 541.2426, 399.2426, 0
VID193_A5_3_00d06h00m.tif, 1327.7574, 389.7574, 1336.2426, 398.2426, 0
VID193_A5_3_00d06h00m.tif, 426.7574, 389.7574, 435.2426, 398.2426, 0
VID193_A5_3_00d06h00m.tif, 1057.3431, 387.3431, 1068.6569, 398.6569, 0
VID193_A5_3_00d06h00m.tif, 171.7574, 388.7574, 180.2426, 397.2426, 0
VID193_A5_3_00d06h00m.tif, 381.7574, 387.7574, 390.2426, 396.2426, 0
VID193_A5_3_00d06h00m.tif, 934.7574, 386.7574, 943.2426, 395.2426, 0
VID193_A5_3_00d06h00m.tif, 11.7574, 386.7574, 20.2426, 395.2426, 0
VID193_A5_3_00d06h00m.tif, 1254.7574, 384.7574, 1263.2426, 393.2426, 0
VID193_A5_3_00d06h00m.tif, 517.7574, 384.7574, 526.2426, 393.2426, 0
VID193_A5_3_00d06h00m.tif, 463.7574, 384.7574, 472.2426, 393.2426, 0
VID193_A5_3_00d06h00m.tif, 548.3431, 380.3431, 559.6569, 391.6569, 0
VID193_A5_3_00d06h00m.tif, 1361.7574, 380.7574, 1370.2426, 389.2426, 0
VID193_A5_3_00d06h00m.tif, 1383.3431, 378.3431, 1394.6569, 389.6569, 0
VID193_A5_3_00d06h00m.tif, 866.7574, 379.7574, 875.2426, 388.2426, 0
VID193_A5_3_00d06h00m.tif, 659.7574, 379.7574, 668.2426, 388.2426, 0
VID193_A5_3_00d06h00m.tif, 187.3431, 377.3431, 198.6569, 388.6569, 0
VID193_A5_3_00d06h00m.tif, 171.7574, 377.7574, 180.2426, 386.2426, 0
VID193_A5_3_00d06h00m.tif, 1318.3431, 375.3431, 1329.6569, 386.6569, 0
VID193_A5_3_00d06h00m.tif, 22.7574, 376.7574, 31.2426, 385.2426, 0
VID193_A5_3_00d06h00m.tif, 7.7574, 375.7574, 16.2426, 384.2426, 0
VID193_A5_3_00d06h00m.tif, 1209.7574, 374.7574, 1218.2426, 383.2426, 0
VID193_A5_3_00d06h00m.tif, 902.3431, 372.3431, 913.6569, 383.6569, 0
VID193_A5_3_00d06h00m.tif, 287.7574, 373.7574, 296.2426, 382.2426, 0
VID193_A5_3_00d06h00m.tif, 1348.7574, 372.7574, 1357.2426, 381.2426, 0
VID193_A5_3_00d06h00m.tif, 425.7574, 372.7574, 434.2426, 381.2426, 0
VID193_A5_3_00d06h00m.tif, 124.7574, 371.7574, 133.2426, 380.2426, 0
VID193_A5_3_00d06h00m.tif, 1034.7574, 367.7574, 1043.2426, 376.2426, 0
VID193_A5_3_00d06h00m.tif, 361.9289, 364.9289, 376.0711, 379.0711, 0
VID193_A5_3_00d06h00m.tif, 1009.7574, 366.7574, 1018.2426, 375.2426, 0
VID193_A5_3_00d06h00m.tif, 1234.3431, 362.3431, 1245.6569, 373.6569, 0
VID193_A5_3_00d06h00m.tif, 619.3431, 361.3431, 630.6569, 372.6569, 0
VID193_A5_3_00d06h00m.tif, 865.9289, 357.9289, 880.0711, 372.0711, 0
VID193_A5_3_00d06h00m.tif, 1248.7574, 359.7574, 1257.2426, 368.2426, 0
VID193_A5_3_00d06h00m.tif, 1119.7574, 359.7574, 1128.2426, 368.2426, 0
VID193_A5_3_00d06h00m.tif, 799.7574, 359.7574, 808.2426, 368.2426, 0
VID193_A5_3_00d06h00m.tif, 1133.7574, 358.7574, 1142.2426, 367.2426, 0
VID193_A5_3_00d06h00m.tif, 829.3431, 357.3431, 840.6569, 368.6569, 0
VID193_A5_3_00d06h00m.tif, 336.7574, 358.7574, 345.2426, 367.2426, 0
VID193_A5_3_00d06h00m.tif, 1263.3431, 356.3431, 1274.6569, 367.6569, 0
VID193_A5_3_00d06h00m.tif, 1079.7574, 355.7574, 1088.2426, 364.2426, 0
VID193_A5_3_00d06h00m.tif, 652.7574, 355.7574, 661.2426, 364.2426, 0
VID193_A5_3_00d06h00m.tif, 1384.7574, 352.7574, 1393.2426, 361.2426, 0
VID193_A5_3_00d06h00m.tif, 144.7574, 352.7574, 153.2426, 361.2426, 0
VID193_A5_3_00d06h00m.tif, 816.3431, 350.3431, 827.6569, 361.6569, 0
VID193_A5_3_00d06h00m.tif, 123.7574, 349.7574, 132.2426, 358.2426, 0
VID193_A5_3_00d06h00m.tif, 1295.7574, 347.7574, 1304.2426, 356.2426, 0
VID193_A5_3_00d06h00m.tif, 1047.3431, 344.3431, 1058.6569, 355.6569, 0
VID193_A5_3_00d06h00m.tif, 842.3431, 344.3431, 853.6569, 355.6569, 0
VID193_A5_3_00d06h00m.tif, 516.7574, 345.7574, 525.2426, 354.2426, 0
VID193_A5_3_00d06h00m.tif, 1072.7574, 344.7574, 1081.2426, 353.2426, 0
VID193_A5_3_00d06h00m.tif, 75.7574, 344.7574, 84.2426, 353.2426, 0
VID193_A5_3_00d06h00m.tif, 265.7574, 343.7574, 274.2426, 352.2426, 0
VID193_A5_3_00d06h00m.tif, 238.7574, 343.7574, 247.2426, 352.2426, 0
VID193_A5_3_00d06h00m.tif, 473.3431, 341.3431, 484.6569, 352.6569, 0
VID193_A5_3_00d06h00m.tif, 1273.7574, 341.7574, 1282.2426, 350.2426, 0
VID193_A5_3_00d06h00m.tif, 632.7574, 341.7574, 641.2426, 350.2426, 0
VID193_A5_3_00d06h00m.tif, 750.7574, 339.7574, 759.2426, 348.2426, 0
VID193_A5_3_00d06h00m.tif, 1350.7574, 337.7574, 1359.2426, 346.2426, 0
VID193_A5_3_00d06h00m.tif, 1025.9289, 334.9289, 1040.0711, 349.0711, 0
VID193_A5_3_00d06h00m.tif, 899.3431, 334.3431, 910.6569, 345.6569, 0
VID193_A5_3_00d06h00m.tif, 1078.7574, 334.7574, 1087.2426, 343.2426, 0
VID193_A5_3_00d06h00m.tif, 1013.7574, 334.7574, 1022.2426, 343.2426, 0
VID193_A5_3_00d06h00m.tif, 379.7574, 334.7574, 388.2426, 343.2426, 0
VID193_A5_3_00d06h00m.tif, 91.7574, 333.7574, 100.2426, 342.2426, 0
VID193_A5_3_00d06h00m.tif, 638.3431, 331.3431, 649.6569, 342.6569, 0
VID193_A5_3_00d06h00m.tif, 457.7574, 332.7574, 466.2426, 341.2426, 0
VID193_A5_3_00d06h00m.tif, 1360.7574, 330.7574, 1369.2426, 339.2426, 0
VID193_A5_3_00d06h00m.tif, 525.7574, 328.7574, 534.2426, 337.2426, 0
VID193_A5_3_00d06h00m.tif, 1099.3431, 326.3431, 1110.6569, 337.6569, 0
VID193_A5_3_00d06h00m.tif, 791.7574, 326.7574, 800.2426, 335.2426, 0
VID193_A5_3_00d06h00m.tif, 609.7574, 323.7574, 618.2426, 332.2426, 0
VID193_A5_3_00d06h00m.tif, 1292.7574, 322.7574, 1301.2426, 331.2426, 0
VID193_A5_3_00d06h00m.tif, 1084.7574, 322.7574, 1093.2426, 331.2426, 0
VID193_A5_3_00d06h00m.tif, 579.3431, 321.3431, 590.6569, 332.6569, 0
VID193_A5_3_00d06h00m.tif, 27.7574, 322.7574, 36.2426, 331.2426, 0
VID193_A5_3_00d06h00m.tif, 760.7574, 321.7574, 769.2426, 330.2426, 0
VID193_A5_3_00d06h00m.tif, 279.7574, 320.7574, 288.2426, 329.2426, 0
VID193_A5_3_00d06h00m.tif, 162.3431, 319.3431, 173.6569, 330.6569, 0
VID193_A5_3_00d06h00m.tif, 594.7574, 319.7574, 603.2426, 328.2426, 0
VID193_A5_3_00d06h00m.tif, 228.3431, 318.3431, 239.6569, 329.6569, 0
VID193_A5_3_00d06h00m.tif, 362.7574, 318.7574, 371.2426, 327.2426, 0
VID193_A5_3_00d06h00m.tif, 37.7574, 315.7574, 46.2426, 324.2426, 0
VID193_A5_3_00d06h00m.tif, 1346.7574, 314.7574, 1355.2426, 323.2426, 0
VID193_A5_3_00d06h00m.tif, 1047.7574, 314.7574, 1056.2426, 323.2426, 0
VID193_A5_3_00d06h00m.tif, 713.3431, 312.3431, 724.6569, 323.6569, 0
VID193_A5_3_00d06h00m.tif, 432.3431, 312.3431, 443.6569, 323.6569, 0
VID193_A5_3_00d06h00m.tif, 536.3431, 310.3431, 547.6569, 321.6569, 0
VID193_A5_3_00d06h00m.tif, 764.7574, 310.7574, 773.2426, 319.2426, 0
VID193_A5_3_00d06h00m.tif, 1119.7574, 306.7574, 1128.2426, 315.2426, 0
VID193_A5_3_00d06h00m.tif, 555.3431, 303.3431, 566.6569, 314.6569, 0
VID193_A5_3_00d06h00m.tif, 795.3431, 302.3431, 806.6569, 313.6569, 0
VID193_A5_3_00d06h00m.tif, 1020.7574, 301.7574, 1029.2426, 310.2426, 0
VID193_A5_3_00d06h00m.tif, 614.7574, 300.7574, 623.2426, 309.2426, 0
VID193_A5_3_00d06h00m.tif, 21.3431, 297.3431, 32.6569, 308.6569, 0
VID193_A5_3_00d06h00m.tif, 851.3431, 295.3431, 862.6569, 306.6569, 0
VID193_A5_3_00d06h00m.tif, 833.7574, 296.7574, 842.2426, 305.2426, 0
VID193_A5_3_00d06h00m.tif, 494.7574, 294.7574, 503.2426, 303.2426, 0
VID193_A5_3_00d06h00m.tif, 985.7574, 293.7574, 994.2426, 302.2426, 0
VID193_A5_3_00d06h00m.tif, 509.7574, 292.7574, 518.2426, 301.2426, 0
VID193_A5_3_00d06h00m.tif, 628.3431, 290.3431, 639.6569, 301.6569, 0
VID193_A5_3_00d06h00m.tif, 604.7574, 291.7574, 613.2426, 300.2426, 0
VID193_A5_3_00d06h00m.tif, 324.7574, 291.7574, 333.2426, 300.2426, 0
VID193_A5_3_00d06h00m.tif, 148.7574, 291.7574, 157.2426, 300.2426, 0
VID193_A5_3_00d06h00m.tif, 1052.7574, 290.7574, 1061.2426, 299.2426, 0
VID193_A5_3_00d06h00m.tif, 1032.3431, 289.3431, 1043.6569, 300.6569, 0
VID193_A5_3_00d06h00m.tif, 951.7574, 290.7574, 960.2426, 299.2426, 0
VID193_A5_3_00d06h00m.tif, 311.7574, 289.7574, 320.2426, 298.2426, 0
VID193_A5_3_00d06h00m.tif, 413.3431, 287.3431, 424.6569, 298.6569, 0
VID193_A5_3_00d06h00m.tif, 95.7574, 288.7574, 104.2426, 297.2426, 0
VID193_A5_3_00d06h00m.tif, 1202.7574, 287.7574, 1211.2426, 296.2426, 0
VID193_A5_3_00d06h00m.tif, 782.3431, 286.3431, 793.6569, 297.6569, 0
VID193_A5_3_00d06h00m.tif, 651.3431, 285.3431, 662.6569, 296.6569, 0
VID193_A5_3_00d06h00m.tif, 1151.7574, 285.7574, 1160.2426, 294.2426, 0
VID193_A5_3_00d06h00m.tif, 2.3431, 284.3431, 13.6569, 295.6569, 0
VID193_A5_3_00d06h00m.tif, 190.7574, 284.7574, 199.2426, 293.2426, 0
VID193_A5_3_00d06h00m.tif, 1307.3431, 281.3431, 1318.6569, 292.6569, 0
VID193_A5_3_00d06h00m.tif, 602.7574, 282.7574, 611.2426, 291.2426, 0
VID193_A5_3_00d06h00m.tif, 1377.3431, 280.3431, 1388.6569, 291.6569, 0
VID193_A5_3_00d06h00m.tif, 501.7574, 281.7574, 510.2426, 290.2426, 0
VID193_A5_3_00d06h00m.tif, 736.7574, 280.7574, 745.2426, 289.2426, 0
VID193_A5_3_00d06h00m.tif, 521.3431, 278.3431, 532.6569, 289.6569, 0
VID193_A5_3_00d06h00m.tif, 817.7574, 278.7574, 826.2426, 287.2426, 0
VID193_A5_3_00d06h00m.tif, 469.3431, 276.3431, 480.6569, 287.6569, 0
VID193_A5_3_00d06h00m.tif, 96.7574, 276.7574, 105.2426, 285.2426, 0
VID193_A5_3_00d06h00m.tif, 1208.7574, 274.7574, 1217.2426, 283.2426, 0
VID193_A5_3_00d06h00m.tif, 681.3431, 272.3431, 692.6569, 283.6569, 0
VID193_A5_3_00d06h00m.tif, 1393.7574, 271.7574, 1402.2426, 280.2426, 0
VID193_A5_3_00d06h00m.tif, 611.3431, 269.3431, 622.6569, 280.6569, 0
VID193_A5_3_00d06h00m.tif, 108.7574, 270.7574, 117.2426, 279.2426, 0
VID193_A5_3_00d06h00m.tif, 975.7574, 268.7574, 984.2426, 277.2426, 0
VID193_A5_3_00d06h00m.tif, 464.3431, 266.3431, 475.6569, 277.6569, 0
VID193_A5_3_00d06h00m.tif, 781.3431, 265.3431, 792.6569, 276.6569, 0
VID193_A5_3_00d06h00m.tif, 563.3431, 263.3431, 574.6569, 274.6569, 0
VID193_A5_3_00d06h00m.tif, 859.7574, 262.7574, 868.2426, 271.2426, 0
VID193_A5_3_00d06h00m.tif, 135.3431, 260.3431, 146.6569, 271.6569, 0
VID193_A5_3_00d06h00m.tif, 1344.7574, 260.7574, 1353.2426, 269.2426, 0
VID193_A5_3_00d06h00m.tif, 694.3431, 259.3431, 705.6569, 270.6569, 0
VID193_A5_3_00d06h00m.tif, 1213.7574, 258.7574, 1222.2426, 267.2426, 0
VID193_A5_3_00d06h00m.tif, 93.7574, 258.7574, 102.2426, 267.2426, 0
VID193_A5_3_00d06h00m.tif, 483.7574, 257.7574, 492.2426, 266.2426, 0
VID193_A5_3_00d06h00m.tif, 1014.3431, 255.3431, 1025.6569, 266.6569, 0
VID193_A5_3_00d06h00m.tif, 822.3431, 255.3431, 833.6569, 266.6569, 0
VID193_A5_3_00d06h00m.tif, 940.7574, 255.7574, 949.2426, 264.2426, 0
VID193_A5_3_00d06h00m.tif, 746.7574, 255.7574, 755.2426, 264.2426, 0
VID193_A5_3_00d06h00m.tif, 421.7574, 255.7574, 430.2426, 264.2426, 0
VID193_A5_3_00d06h00m.tif, 871.7574, 254.7574, 880.2426, 263.2426, 0
VID193_A5_3_00d06h00m.tif, 25.7574, 254.7574, 34.2426, 263.2426, 0
VID193_A5_3_00d06h00m.tif, 905.7574, 253.7574, 914.2426, 262.2426, 0
VID193_A5_3_00d06h00m.tif, 672.7574, 253.7574, 681.2426, 262.2426, 0
VID193_A5_3_00d06h00m.tif, 720.3431, 248.3431, 731.6569, 259.6569, 0
VID193_A5_3_00d06h00m.tif, 350.7574, 248.7574, 359.2426, 257.2426, 0
VID193_A5_3_00d06h00m.tif, 412.7574, 247.7574, 421.2426, 256.2426, 0
VID193_A5_3_00d06h00m.tif, 230.3431, 246.3431, 241.6569, 257.6569, 0
VID193_A5_3_00d06h00m.tif, 789.3431, 245.3431, 800.6569, 256.6569, 0
VID193_A5_3_00d06h00m.tif, 517.7574, 245.7574, 526.2426, 254.2426, 0
VID193_A5_3_00d06h00m.tif, 689.3431, 241.3431, 700.6569, 252.6569, 0
VID193_A5_3_00d06h00m.tif, 535.7574, 242.7574, 544.2426, 251.2426, 0
VID193_A5_3_00d06h00m.tif, 1026.7574, 241.7574, 1035.2426, 250.2426, 0
VID193_A5_3_00d06h00m.tif, 928.7574, 239.7574, 937.2426, 248.2426, 0
VID193_A5_3_00d06h00m.tif, 634.3431, 238.3431, 645.6569, 249.6569, 0
VID193_A5_3_00d06h00m.tif, 1327.7574, 237.7574, 1336.2426, 246.2426, 0
VID193_A5_3_00d06h00m.tif, 999.7574, 236.7574, 1008.2426, 245.2426, 0
VID193_A5_3_00d06h00m.tif, 855.3431, 234.3431, 866.6569, 245.6569, 0
VID193_A5_3_00d06h00m.tif, 282.3431, 234.3431, 293.6569, 245.6569, 0
VID193_A5_3_00d06h00m.tif, 312.7574, 233.7574, 321.2426, 242.2426, 0
VID193_A5_3_00d06h00m.tif, 1236.3431, 231.3431, 1247.6569, 242.6569, 0
VID193_A5_3_00d06h00m.tif, 57.7574, 232.7574, 66.2426, 241.2426, 0
VID193_A5_3_00d06h00m.tif, 699.7574, 231.7574, 708.2426, 240.2426, 0
VID193_A5_3_00d06h00m.tif, 300.7574, 231.7574, 309.2426, 240.2426, 0
VID193_A5_3_00d06h00m.tif, 1052.7574, 229.7574, 1061.2426, 238.2426, 0
VID193_A5_3_00d06h00m.tif, 468.7574, 229.7574, 477.2426, 238.2426, 0
VID193_A5_3_00d06h00m.tif, 159.7574, 228.7574, 168.2426, 237.2426, 0
VID193_A5_3_00d06h00m.tif, 499.7574, 227.7574, 508.2426, 236.2426, 0
VID193_A5_3_00d06h00m.tif, 2.7574, 227.7574, 11.2426, 236.2426, 0
VID193_A5_3_00d06h00m.tif, 619.7574, 224.7574, 628.2426, 233.2426, 0
VID193_A5_3_00d06h00m.tif, 597.7574, 224.7574, 606.2426, 233.2426, 0
VID193_A5_3_00d06h00m.tif, 88.3431, 223.3431, 99.6569, 234.6569, 0
VID193_A5_3_00d06h00m.tif, 436.7574, 223.7574, 445.2426, 232.2426, 0
VID193_A5_3_00d06h00m.tif, 1276.7574, 222.7574, 1285.2426, 231.2426, 0
VID193_A5_3_00d06h00m.tif, 960.7574, 221.7574, 969.2426, 230.2426, 0
VID193_A5_3_00d06h00m.tif, 351.7574, 221.7574, 360.2426, 230.2426, 0
VID193_A5_3_00d06h00m.tif, 893.7574, 219.7574, 902.2426, 228.2426, 0
VID193_A5_3_00d06h00m.tif, 1314.3431, 216.3431, 1325.6569, 227.6569, 0
VID193_A5_3_00d06h00m.tif, 112.7574, 217.7574, 121.2426, 226.2426, 0
VID193_A5_3_00d06h00m.tif, 37.7574, 216.7574, 46.2426, 225.2426, 0
VID193_A5_3_00d06h00m.tif, 644.3431, 214.3431, 655.6569, 225.6569, 0
VID193_A5_3_00d06h00m.tif, 684.3431, 213.3431, 695.6569, 224.6569, 0
VID193_A5_3_00d06h00m.tif, 724.3431, 211.3431, 735.6569, 222.6569, 0
VID193_A5_3_00d06h00m.tif, 495.7574, 212.7574, 504.2426, 221.2426, 0
VID193_A5_3_00d06h00m.tif, 365.7574, 212.7574, 374.2426, 221.2426, 0
VID193_A5_3_00d06h00m.tif, 1336.7574, 210.7574, 1345.2426, 219.2426, 0
VID193_A5_3_00d06h00m.tif, 72.3431, 209.3431, 83.6569, 220.6569, 0
VID193_A5_3_00d06h00m.tif, 996.3431, 207.3431, 1007.6569, 218.6569, 0
VID193_A5_3_00d06h00m.tif, 471.7574, 208.7574, 480.2426, 217.2426, 0
VID193_A5_3_00d06h00m.tif, 332.7574, 208.7574, 341.2426, 217.2426, 0
VID193_A5_3_00d06h00m.tif, 96.7574, 206.7574, 105.2426, 215.2426, 0
VID193_A5_3_00d06h00m.tif, 751.7574, 205.7574, 760.2426, 214.2426, 0
VID193_A5_3_00d06h00m.tif, 1176.7574, 204.7574, 1185.2426, 213.2426, 0
VID193_A5_3_00d06h00m.tif, 150.3431, 202.3431, 161.6569, 213.6569, 0
VID193_A5_3_00d06h00m.tif, 1076.3431, 201.3431, 1087.6569, 212.6569, 0
VID193_A5_3_00d06h00m.tif, 710.7574, 202.7574, 719.2426, 211.2426, 0
VID193_A5_3_00d06h00m.tif, 399.3431, 200.3431, 410.6569, 211.6569, 0
VID193_A5_3_00d06h00m.tif, 1111.7574, 199.7574, 1120.2426, 208.2426, 0
VID193_A5_3_00d06h00m.tif, 617.3431, 198.3431, 628.6569, 209.6569, 0
VID193_A5_3_00d06h00m.tif, 14.7574, 199.7574, 23.2426, 208.2426, 0
VID193_A5_3_00d06h00m.tif, 903.7574, 197.7574, 912.2426, 206.2426, 0
VID193_A5_3_00d06h00m.tif, 72.7574, 195.7574, 81.2426, 204.2426, 0
VID193_A5_3_00d06h00m.tif, 1005.7574, 193.7574, 1014.2426, 202.2426, 0
VID193_A5_3_00d06h00m.tif, 697.7574, 193.7574, 706.2426, 202.2426, 0
VID193_A5_3_00d06h00m.tif, 1029.7574, 191.7574, 1038.2426, 200.2426, 0
VID193_A5_3_00d06h00m.tif, 567.7574, 191.7574, 576.2426, 200.2426, 0
VID193_A5_3_00d06h00m.tif, 354.7574, 190.7574, 363.2426, 199.2426, 0
VID193_A5_3_00d06h00m.tif, 1297.7574, 188.7574, 1306.2426, 197.2426, 0
VID193_A5_3_00d06h00m.tif, 789.7574, 188.7574, 798.2426, 197.2426, 0
VID193_A5_3_00d06h00m.tif, 1259.3431, 186.3431, 1270.6569, 197.6569, 0
VID193_A5_3_00d06h00m.tif, 604.7574, 186.7574, 613.2426, 195.2426, 0
VID193_A5_3_00d06h00m.tif, 376.7574, 186.7574, 385.2426, 195.2426, 0
VID193_A5_3_00d06h00m.tif, 155.7574, 184.7574, 164.2426, 193.2426, 0
VID193_A5_3_00d06h00m.tif, 26.7574, 182.7574, 35.2426, 191.2426, 0
VID193_A5_3_00d06h00m.tif, 835.7574, 179.7574, 844.2426, 188.2426, 0
VID193_A5_3_00d06h00m.tif, 454.7574, 179.7574, 463.2426, 188.2426, 0
VID193_A5_3_00d06h00m.tif, 983.3431, 177.3431, 994.6569, 188.6569, 0
VID193_A5_3_00d06h00m.tif, 709.7574, 178.7574, 718.2426, 187.2426, 0
VID193_A5_3_00d06h00m.tif, 1144.7574, 176.7574, 1153.2426, 185.2426, 0
VID193_A5_3_00d06h00m.tif, 1089.7574, 176.7574, 1098.2426, 185.2426, 0
VID193_A5_3_00d06h00m.tif, 627.7574, 176.7574, 636.2426, 185.2426, 0
VID193_A5_3_00d06h00m.tif, 76.3431, 174.3431, 87.6569, 185.6569, 0
VID193_A5_3_00d06h00m.tif, 109.7574, 174.7574, 118.2426, 183.2426, 0
VID193_A5_3_00d06h00m.tif, 1350.7574, 171.7574, 1359.2426, 180.2426, 0
VID193_A5_3_00d06h00m.tif, 1018.7574, 171.7574, 1027.2426, 180.2426, 0
VID193_A5_3_00d06h00m.tif, 277.7574, 171.7574, 286.2426, 180.2426, 0
VID193_A5_3_00d06h00m.tif, 391.7574, 170.7574, 400.2426, 179.2426, 0
VID193_A5_3_00d06h00m.tif, 1035.3431, 168.3431, 1046.6569, 179.6569, 0
VID193_A5_3_00d06h00m.tif, 1254.3431, 166.3431, 1265.6569, 177.6569, 0
VID193_A5_3_00d06h00m.tif, 830.7574, 164.7574, 839.2426, 173.2426, 0
VID193_A5_3_00d06h00m.tif, 765.3431, 163.3431, 776.6569, 174.6569, 0
VID193_A5_3_00d06h00m.tif, 65.7574, 161.7574, 74.2426, 170.2426, 0
VID193_A5_3_00d06h00m.tif, 1226.7574, 158.7574, 1235.2426, 167.2426, 0
VID193_A5_3_00d06h00m.tif, 1121.7574, 157.7574, 1130.2426, 166.2426, 0
VID193_A5_3_00d06h00m.tif, 805.3431, 156.3431, 816.6569, 167.6569, 0
VID193_A5_3_00d06h00m.tif, 108.3431, 156.3431, 119.6569, 167.6569, 0
VID193_A5_3_00d06h00m.tif, 524.7574, 156.7574, 533.2426, 165.2426, 0
VID193_A5_3_00d06h00m.tif, 1380.7574, 151.7574, 1389.2426, 160.2426, 0
VID193_A5_3_00d06h00m.tif, 1249.7574, 151.7574, 1258.2426, 160.2426, 0
VID193_A5_3_00d06h00m.tif, 870.7574, 151.7574, 879.2426, 160.2426, 0
VID193_A5_3_00d06h00m.tif, 488.7574, 151.7574, 497.2426, 160.2426, 0
VID193_A5_3_00d06h00m.tif, 41.7574, 151.7574, 50.2426, 160.2426, 0
VID193_A5_3_00d06h00m.tif, 828.3431, 148.3431, 839.6569, 159.6569, 0
VID193_A5_3_00d06h00m.tif, 747.7574, 148.7574, 756.2426, 157.2426, 0
VID193_A5_3_00d06h00m.tif, 473.7574, 147.7574, 482.2426, 156.2426, 0
VID193_A5_3_00d06h00m.tif, 911.3431, 145.3431, 922.6569, 156.6569, 0
VID193_A5_3_00d06h00m.tif, 268.7574, 144.7574, 277.2426, 153.2426, 0
VID193_A5_3_00d06h00m.tif, 155.7574, 143.7574, 164.2426, 152.2426, 0
VID193_A5_3_00d06h00m.tif, 638.7574, 142.7574, 647.2426, 151.2426, 0
VID193_A5_3_00d06h00m.tif, 859.7574, 139.7574, 868.2426, 148.2426, 0
VID193_A5_3_00d06h00m.tif, 285.3431, 138.3431, 296.6569, 149.6569, 0
VID193_A5_3_00d06h00m.tif, 1267.7574, 137.7574, 1276.2426, 146.2426, 0
VID193_A5_3_00d06h00m.tif, 1121.7574, 137.7574, 1130.2426, 146.2426, 0
VID193_A5_3_00d06h00m.tif, 1147.7574, 136.7574, 1156.2426, 145.2426, 0
VID193_A5_3_00d06h00m.tif, 240.3431, 126.3431, 251.6569, 137.6569, 0
VID193_A5_3_00d06h00m.tif, 1348.7574, 126.7574, 1357.2426, 135.2426, 0
VID193_A5_3_00d06h00m.tif, 472.7574, 122.7574, 481.2426, 131.2426, 0
VID193_A5_3_00d06h00m.tif, 635.7574, 120.7574, 644.2426, 129.2426, 0
VID193_A5_3_00d06h00m.tif, 210.7574, 120.7574, 219.2426, 129.2426, 0
VID193_A5_3_00d06h00m.tif, 1088.7574, 119.7574, 1097.2426, 128.2426, 0
VID193_A5_3_00d06h00m.tif, 873.3431, 117.3431, 884.6569, 128.6569, 0
VID193_A5_3_00d06h00m.tif, 737.7574, 118.7574, 746.2426, 127.2426, 0
VID193_A5_3_00d06h00m.tif, 397.7574, 118.7574, 406.2426, 127.2426, 0
VID193_A5_3_00d06h00m.tif, 1363.7574, 117.7574, 1372.2426, 126.2426, 0
VID193_A5_3_00d06h00m.tif, 1265.3431, 114.3431, 1276.6569, 125.6569, 0
VID193_A5_3_00d06h00m.tif, 1064.7574, 115.7574, 1073.2426, 124.2426, 0
VID193_A5_3_00d06h00m.tif, 560.7574, 113.7574, 569.2426, 122.2426, 0
VID193_A5_3_00d06h00m.tif, 1.7574, 113.7574, 10.2426, 122.2426, 0
VID193_A5_3_00d06h00m.tif, 1192.9289, 108.9289, 1207.0711, 123.0711, 0
VID193_A5_3_00d06h00m.tif, 807.7574, 110.7574, 816.2426, 119.2426, 0
VID193_A5_3_00d06h00m.tif, 579.7574, 110.7574, 588.2426, 119.2426, 0
VID193_A5_3_00d06h00m.tif, 492.7574, 110.7574, 501.2426, 119.2426, 0
VID193_A5_3_00d06h00m.tif, 472.7574, 110.7574, 481.2426, 119.2426, 0
VID193_A5_3_00d06h00m.tif, 1221.7574, 109.7574, 1230.2426, 118.2426, 0
VID193_A5_3_00d06h00m.tif, 460.7574, 107.7574, 469.2426, 116.2426, 0
VID193_A5_3_00d06h00m.tif, 892.7574, 106.7574, 901.2426, 115.2426, 0
VID193_A5_3_00d06h00m.tif, 1090.7574, 104.7574, 1099.2426, 113.2426, 0
VID193_A5_3_00d06h00m.tif, 917.7574, 104.7574, 926.2426, 113.2426, 0
VID193_A5_3_00d06h00m.tif, 1018.7574, 103.7574, 1027.2426, 112.2426, 0
VID193_A5_3_00d06h00m.tif, 1169.3431, 101.3431, 1180.6569, 112.6569, 0
VID193_A5_3_00d06h00m.tif, 173.3431, 101.3431, 184.6569, 112.6569, 0
VID193_A5_3_00d06h00m.tif, 119.3431, 101.3431, 130.6569, 112.6569, 0
VID193_A5_3_00d06h00m.tif, 972.7574, 101.7574, 981.2426, 110.2426, 0
VID193_A5_3_00d06h00m.tif, 413.3431, 100.3431, 424.6569, 111.6569, 0
VID193_A5_3_00d06h00m.tif, 872.3431, 99.3431, 883.6569, 110.6569, 0
VID193_A5_3_00d06h00m.tif, 245.3431, 99.3431, 256.6569, 110.6569, 0
VID193_A5_3_00d06h00m.tif, 745.7574, 99.7574, 754.2426, 108.2426, 0
VID193_A5_3_00d06h00m.tif, 68.7574, 99.7574, 77.2426, 108.2426, 0
VID193_A5_3_00d06h00m.tif, 1117.3431, 97.3431, 1128.6569, 108.6569, 0
VID193_A5_3_00d06h00m.tif, 525.7574, 98.7574, 534.2426, 107.2426, 0
VID193_A5_3_00d06h00m.tif, 87.9289, 95.9289, 102.0711, 110.0711, 0
VID193_A5_3_00d06h00m.tif, 289.7574, 97.7574, 298.2426, 106.2426, 0
VID193_A5_3_00d06h00m.tif, 267.7574, 97.7574, 276.2426, 106.2426, 0
VID193_A5_3_00d06h00m.tif, 502.7574, 96.7574, 511.2426, 105.2426, 0
VID193_A5_3_00d06h00m.tif, 33.7574, 96.7574, 42.2426, 105.2426, 0
VID193_A5_3_00d06h00m.tif, 2.7574, 95.7574, 11.2426, 104.2426, 0
VID193_A5_3_00d06h00m.tif, 1149.3431, 90.3431, 1160.6569, 101.6569, 0
VID193_A5_3_00d06h00m.tif, 1255.9289, 87.9289, 1270.0711, 102.0711, 0
VID193_A5_3_00d06h00m.tif, 992.7574, 87.7574, 1001.2426, 96.2426, 0
VID193_A5_3_00d06h00m.tif, 685.7574, 87.7574, 694.2426, 96.2426, 0
VID193_A5_3_00d06h00m.tif, 588.3431, 83.3431, 599.6569, 94.6569, 0
VID193_A5_3_00d06h00m.tif, 394.3431, 82.3431, 405.6569, 93.6569, 0
VID193_A5_3_00d06h00m.tif, 123.7574, 83.7574, 132.2426, 92.2426, 0
VID193_A5_3_00d06h00m.tif, 209.7574, 82.7574, 218.2426, 91.2426, 0
VID193_A5_3_00d06h00m.tif, 514.7574, 81.7574, 523.2426, 90.2426, 0
VID193_A5_3_00d06h00m.tif, 1066.3431, 79.3431, 1077.6569, 90.6569, 0
VID193_A5_3_00d06h00m.tif, 39.7574, 79.7574, 48.2426, 88.2426, 0
VID193_A5_3_00d06h00m.tif, 727.3431, 77.3431, 738.6569, 88.6569, 0
VID193_A5_3_00d06h00m.tif, 504.7574, 74.7574, 513.2426, 83.2426, 0
VID193_A5_3_00d06h00m.tif, 134.3431, 72.3431, 145.6569, 83.6569, 0
VID193_A5_3_00d06h00m.tif, 1250.3431, 70.3431, 1261.6569, 81.6569, 0
VID193_A5_3_00d06h00m.tif, 62.7574, 71.7574, 71.2426, 80.2426, 0
VID193_A5_3_00d06h00m.tif, 474.7574, 69.7574, 483.2426, 78.2426, 0
VID193_A5_3_00d06h00m.tif, 1175.3431, 66.3431, 1186.6569, 77.6569, 0
VID193_A5_3_00d06h00m.tif, 260.7574, 67.7574, 269.2426, 76.2426, 0
VID193_A5_3_00d06h00m.tif, 640.3431, 64.3431, 651.6569, 75.6569, 0
VID193_A5_3_00d06h00m.tif, 1064.7574, 63.7574, 1073.2426, 72.2426, 0
VID193_A5_3_00d06h00m.tif, 918.3431, 62.3431, 929.6569, 73.6569, 0
VID193_A5_3_00d06h00m.tif, 797.7574, 63.7574, 806.2426, 72.2426, 0
VID193_A5_3_00d06h00m.tif, 744.7574, 62.7574, 753.2426, 71.2426, 0
VID193_A5_3_00d06h00m.tif, 142.3431, 61.3431, 153.6569, 72.6569, 0
VID193_A5_3_00d06h00m.tif, 1219.3431, 60.3431, 1230.6569, 71.6569, 0
VID193_A5_3_00d06h00m.tif, 1319.7574, 60.7574, 1328.2426, 69.2426, 0
VID193_A5_3_00d06h00m.tif, 348.3431, 57.3431, 359.6569, 68.6569, 0
VID193_A5_3_00d06h00m.tif, 1037.7574, 57.7574, 1046.2426, 66.2426, 0
VID193_A5_3_00d06h00m.tif, 124.7574, 56.7574, 133.2426, 65.2426, 0
VID193_A5_3_00d06h00m.tif, 870.3431, 54.3431, 881.6569, 65.6569, 0
VID193_A5_3_00d06h00m.tif, 407.3431, 54.3431, 418.6569, 65.6569, 0
VID193_A5_3_00d06h00m.tif, 307.7574, 55.7574, 316.2426, 64.2426, 0
VID193_A5_3_00d06h00m.tif, 99.7574, 54.7574, 108.2426, 63.2426, 0
VID193_A5_3_00d06h00m.tif, 615.7574, 52.7574, 624.2426, 61.2426, 0
VID193_A5_3_00d06h00m.tif, 1071.7574, 50.7574, 1080.2426, 59.2426, 0
VID193_A5_3_00d06h00m.tif, 983.7574, 50.7574, 992.2426, 59.2426, 0
VID193_A5_3_00d06h00m.tif, 886.7574, 49.7574, 895.2426, 58.2426, 0
VID193_A5_3_00d06h00m.tif, 230.7574, 47.7574, 239.2426, 56.2426, 0
VID193_A5_3_00d06h00m.tif, 1085.7574, 43.7574, 1094.2426, 52.2426, 0
VID193_A5_3_00d06h00m.tif, 744.7574, 43.7574, 753.2426, 52.2426, 0
VID193_A5_3_00d06h00m.tif, 577.3431, 42.3431, 588.6569, 53.6569, 0
VID193_A5_3_00d06h00m.tif, 426.7574, 43.7574, 435.2426, 52.2426, 0
VID193_A5_3_00d06h00m.tif, 136.7574, 43.7574, 145.2426, 52.2426, 0
VID193_A5_3_00d06h00m.tif, 1038.3431, 40.3431, 1049.6569, 51.6569, 0
VID193_A5_3_00d06h00m.tif, 761.7574, 40.7574, 770.2426, 49.2426, 0
VID193_A5_3_00d06h00m.tif, 1248.7574, 39.7574, 1257.2426, 48.2426, 0
VID193_A5_3_00d06h00m.tif, 635.7574, 38.7574, 644.2426, 47.2426, 0
VID193_A5_3_00d06h00m.tif, 1143.7574, 37.7574, 1152.2426, 46.2426, 0
VID193_A5_3_00d06h00m.tif, 542.7574, 37.7574, 551.2426, 46.2426, 0
VID193_A5_3_00d06h00m.tif, 361.3431, 36.3431, 372.6569, 47.6569, 0
VID193_A5_3_00d06h00m.tif, 1177.9289, 33.9289, 1192.0711, 48.0711, 0
VID193_A5_3_00d06h00m.tif, 940.7574, 35.7574, 949.2426, 44.2426, 0
VID193_A5_3_00d06h00m.tif, 693.3431, 34.3431, 704.6569, 45.6569, 0
VID193_A5_3_00d06h00m.tif, 160.7574, 35.7574, 169.2426, 44.2426, 0
VID193_A5_3_00d06h00m.tif, 349.7574, 34.7574, 358.2426, 43.2426, 0
VID193_A5_3_00d06h00m.tif, 450.7574, 33.7574, 459.2426, 42.2426, 0
VID193_A5_3_00d06h00m.tif, 388.9289, 30.9289, 403.0711, 45.0711, 0
VID193_A5_3_00d06h00m.tif, 329.3431, 30.3431, 340.6569, 41.6569, 0
VID193_A5_3_00d06h00m.tif, 822.7574, 30.7574, 831.2426, 39.2426, 0
VID193_A5_3_00d06h00m.tif, 1224.7574, 27.7574, 1233.2426, 36.2426, 0
VID193_A5_3_00d06h00m.tif, 672.3431, 26.3431, 683.6569, 37.6569, 0
VID193_A5_3_00d06h00m.tif, 1290.7574, 26.7574, 1299.2426, 35.2426, 0
VID193_A5_3_00d06h00m.tif, 1034.3431, 25.3431, 1045.6569, 36.6569, 0
VID193_A5_3_00d06h00m.tif, 544.7574, 26.7574, 553.2426, 35.2426, 0
VID193_A5_3_00d06h00m.tif, 948.7574, 24.7574, 957.2426, 33.2426, 0
VID193_A5_3_00d06h00m.tif, 897.7574, 22.7574, 906.2426, 31.2426, 0
VID193_A5_3_00d06h00m.tif, 991.3431, 19.3431, 1002.6569, 30.6569, 0
VID193_A5_3_00d06h00m.tif, 177.7574, 20.7574, 186.2426, 29.2426, 0
VID193_A5_3_00d06h00m.tif, 814.7574, 16.7574, 823.2426, 25.2426, 0
VID193_A5_3_00d06h00m.tif, 1386.7574, 14.7574, 1395.2426, 23.2426, 0
VID193_A5_3_00d06h00m.tif, 1187.3431, 13.3431, 1198.6569, 24.6569, 0
VID193_A5_3_00d06h00m.tif, 643.7574, 11.7574, 652.2426, 20.2426, 0
VID193_A5_3_00d06h00m.tif, 57.7574, 10.7574, 66.2426, 19.2426, 0
VID193_A5_3_00d06h00m.tif, 361.7574, 9.7574, 370.2426, 18.2426, 0
VID193_A5_3_00d06h00m.tif, 1241.3431, 7.3431, 1252.6569, 18.6569, 0
VID193_A5_3_00d06h00m.tif, 298.7574, 7.7574, 307.2426, 16.2426, 0
VID193_A5_3_00d06h00m.tif, 553.7574, 5.7574, 562.2426, 14.2426, 0
VID193_A5_3_00d06h00m.tif, 469.3431, 4.3431, 480.6569, 15.6569, 0
VID193_A5_3_00d06h00m.tif, 1212.3431, 2.3431, 1223.6569, 13.6569, 0
VID193_A5_3_00d06h00m.tif, 1060.7574, 3.7574, 1069.2426, 12.2426, 0
VID193_A5_3_00d06h00m.tif, 74.7574, 2.7574, 83.2426, 11.2426, 0
VID193_A5_3_00d06h00m.tif, 1096.7574, 1.7574, 1105.2426, 10.2426, 0
VID193_A5_3_00d06h00m.tif, 809.4858, 1031.4858, 814.5142, 1036.5142, 1
VID193_A5_3_00d06h00m.tif, 422.4858, 1031.4858, 427.5142, 1036.5142, 1
VID193_A5_3_00d06h00m.tif, 1314.3859, 1029.3859, 1321.6141, 1036.6141, 1
VID193_A5_3_00d06h00m.tif, 843.3859, 1028.3859, 850.6141, 1035.6141, 1
VID193_A5_3_00d06h00m.tif, 653.4858, 1024.4858, 658.5142, 1029.5142, 1
VID193_A5_3_00d06h00m.tif, 733.4858, 1023.4858, 738.5142, 1028.5142, 1
VID193_A5_3_00d06h00m.tif, 1369.3859, 1016.3859, 1376.6141, 1023.6141, 1
VID193_A5_3_00d06h00m.tif, 439.3859, 1015.3859, 446.6141, 1022.6141, 1
VID193_A5_3_00d06h00m.tif, 877.4858, 1011.4858, 882.5142, 1016.5142, 1
VID193_A5_3_00d06h00m.tif, 1020.3859, 1008.3859, 1027.6141, 1015.6141, 1
VID193_A5_3_00d06h00m.tif, 690.4858, 1008.4858, 695.5142, 1013.5142, 1
VID193_A5_3_00d06h00m.tif, 1237.3859, 1004.3859, 1244.6141, 1011.6141, 1
VID193_A5_3_00d06h00m.tif, 558.2860, 1002.2860, 567.7140, 1011.7140, 1
VID193_A5_3_00d06h00m.tif, 633.4858, 1000.4858, 638.5142, 1005.5142, 1
VID193_A5_3_00d06h00m.tif, 497.3859, 999.3859, 504.6141, 1006.6141, 1
VID193_A5_3_00d06h00m.tif, 1219.3859, 998.3859, 1226.6141, 1005.6141, 1
VID193_A5_3_00d06h00m.tif, 1109.4858, 998.4858, 1114.5142, 1003.5142, 1
VID193_A5_3_00d06h00m.tif, 744.4858, 997.4858, 749.5142, 1002.5142, 1
VID193_A5_3_00d06h00m.tif, 148.4858, 994.4858, 153.5142, 999.5142, 1
VID193_A5_3_00d06h00m.tif, 966.4858, 993.4858, 971.5142, 998.5142, 1
VID193_A5_3_00d06h00m.tif, 563.3859, 990.3859, 570.6141, 997.6141, 1
VID193_A5_3_00d06h00m.tif, 493.4858, 988.4858, 498.5142, 993.5142, 1
VID193_A5_3_00d06h00m.tif, 1383.4858, 984.4858, 1388.5142, 989.5142, 1
VID193_A5_3_00d06h00m.tif, 409.4858, 981.4858, 414.5142, 986.5142, 1
VID193_A5_3_00d06h00m.tif, 518.3859, 978.3859, 525.6141, 985.6141, 1
VID193_A5_3_00d06h00m.tif, 549.3859, 976.3859, 556.6141, 983.6141, 1
VID193_A5_3_00d06h00m.tif, 205.4858, 976.4858, 210.5142, 981.5142, 1
VID193_A5_3_00d06h00m.tif, 986.4858, 968.4858, 991.5142, 973.5142, 1
VID193_A5_3_00d06h00m.tif, 698.3859, 965.3859, 705.6141, 972.6141, 1
VID193_A5_3_00d06h00m.tif, 54.3859, 965.3859, 61.6141, 972.6141, 1
VID193_A5_3_00d06h00m.tif, 865.4858, 959.4858, 870.5142, 964.5142, 1
VID193_A5_3_00d06h00m.tif, 808.3859, 958.3859, 815.6141, 965.6141, 1
VID193_A5_3_00d06h00m.tif, 727.4858, 955.4858, 732.5142, 960.5142, 1
VID193_A5_3_00d06h00m.tif, 342.3859, 952.3859, 349.6141, 959.6141, 1
VID193_A5_3_00d06h00m.tif, 1033.3859, 949.3859, 1040.6141, 956.6141, 1
VID193_A5_3_00d06h00m.tif, 896.3859, 949.3859, 903.6141, 956.6141, 1
VID193_A5_3_00d06h00m.tif, 287.4858, 948.4858, 292.5142, 953.5142, 1
VID193_A5_3_00d06h00m.tif, 329.4858, 946.4858, 334.5142, 951.5142, 1
VID193_A5_3_00d06h00m.tif, 1317.3859, 943.3859, 1324.6141, 950.6141, 1
VID193_A5_3_00d06h00m.tif, 1331.4858, 943.4858, 1336.5142, 948.5142, 1
VID193_A5_3_00d06h00m.tif, 636.4858, 939.4858, 641.5142, 944.5142, 1
VID193_A5_3_00d06h00m.tif, 412.4858, 937.4858, 417.5142, 942.5142, 1
VID193_A5_3_00d06h00m.tif, 1213.4858, 932.4858, 1218.5142, 937.5142, 1
VID193_A5_3_00d06h00m.tif, 306.4858, 924.4858, 311.5142, 929.5142, 1
VID193_A5_3_00d06h00m.tif, 247.3859, 919.3859, 254.6141, 926.6141, 1
VID193_A5_3_00d06h00m.tif, 960.4858, 918.4858, 965.5142, 923.5142, 1
VID193_A5_3_00d06h00m.tif, 348.4858, 916.4858, 353.5142, 921.5142, 1
VID193_A5_3_00d06h00m.tif, 308.3859, 914.3859, 315.6141, 921.6141, 1
VID193_A5_3_00d06h00m.tif, 257.3859, 914.3859, 264.6141, 921.6141, 1
VID193_A5_3_00d06h00m.tif, 1119.4858, 914.4858, 1124.5142, 919.5142, 1
VID193_A5_3_00d06h00m.tif, 700.3859, 913.3859, 707.6141, 920.6141, 1
VID193_A5_3_00d06h00m.tif, 1246.4858, 912.4858, 1251.5142, 917.5142, 1
VID193_A5_3_00d06h00m.tif, 986.3859, 909.3859, 993.6141, 916.6141, 1
VID193_A5_3_00d06h00m.tif, 333.4858, 910.4858, 338.5142, 915.5142, 1
VID193_A5_3_00d06h00m.tif, 569.4858, 909.4858, 574.5142, 914.5142, 1
VID193_A5_3_00d06h00m.tif, 255.3859, 907.3859, 262.6141, 914.6141, 1
VID193_A5_3_00d06h00m.tif, 1263.4858, 907.4858, 1268.5142, 912.5142, 1
VID193_A5_3_00d06h00m.tif, 634.4858, 905.4858, 639.5142, 910.5142, 1
VID193_A5_3_00d06h00m.tif, 69.4858, 904.4858, 74.5142, 909.5142, 1
VID193_A5_3_00d06h00m.tif, 938.2860, 897.2860, 947.7140, 906.7140, 1
VID193_A5_3_00d06h00m.tif, 1267.4858, 894.4858, 1272.5142, 899.5142, 1
VID193_A5_3_00d06h00m.tif, 623.3859, 893.3859, 630.6141, 900.6141, 1
VID193_A5_3_00d06h00m.tif, 744.4858, 893.4858, 749.5142, 898.5142, 1
VID193_A5_3_00d06h00m.tif, 1021.3859, 891.3859, 1028.6141, 898.6141, 1
VID193_A5_3_00d06h00m.tif, 725.3859, 889.3859, 732.6141, 896.6141, 1
VID193_A5_3_00d06h00m.tif, 41.3859, 885.3859, 48.6141, 892.6141, 1
VID193_A5_3_00d06h00m.tif, 1277.3859, 883.3859, 1284.6141, 890.6141, 1
VID193_A5_3_00d06h00m.tif, 1321.3859, 876.3859, 1328.6141, 883.6141, 1
VID193_A5_3_00d06h00m.tif, 493.4858, 877.4858, 498.5142, 882.5142, 1
VID193_A5_3_00d06h00m.tif, 1291.4858, 872.4858, 1296.5142, 877.5142, 1
VID193_A5_3_00d06h00m.tif, 422.3859, 862.3859, 429.6141, 869.6141, 1
VID193_A5_3_00d06h00m.tif, 789.2860, 860.2860, 798.7140, 869.7140, 1
VID193_A5_3_00d06h00m.tif, 203.3859, 853.3859, 210.6141, 860.6141, 1
VID193_A5_3_00d06h00m.tif, 711.4858, 850.4858, 716.5142, 855.5142, 1
VID193_A5_3_00d06h00m.tif, 1024.4858, 849.4858, 1029.5142, 854.5142, 1
VID193_A5_3_00d06h00m.tif, 655.4858, 848.4858, 660.5142, 853.5142, 1
VID193_A5_3_00d06h00m.tif, 1256.3859, 845.3859, 1263.6141, 852.6141, 1
VID193_A5_3_00d06h00m.tif, 993.4858, 845.4858, 998.5142, 850.5142, 1
VID193_A5_3_00d06h00m.tif, 1173.4858, 843.4858, 1178.5142, 848.5142, 1
VID193_A5_3_00d06h00m.tif, 1239.3859, 838.3859, 1246.6141, 845.6141, 1
VID193_A5_3_00d06h00m.tif, 748.4858, 838.4858, 753.5142, 843.5142, 1
VID193_A5_3_00d06h00m.tif, 408.3859, 836.3859, 415.6141, 843.6141, 1
VID193_A5_3_00d06h00m.tif, 11.4858, 834.4858, 16.5142, 839.5142, 1
VID193_A5_3_00d06h00m.tif, 897.3859, 832.3859, 904.6141, 839.6141, 1
VID193_A5_3_00d06h00m.tif, 677.3859, 830.3859, 684.6141, 837.6141, 1
VID193_A5_3_00d06h00m.tif, 1216.4858, 828.4858, 1221.5142, 833.5142, 1
VID193_A5_3_00d06h00m.tif, 770.4858, 825.4858, 775.5142, 830.5142, 1
VID193_A5_3_00d06h00m.tif, 144.4858, 818.4858, 149.5142, 823.5142, 1
VID193_A5_3_00d06h00m.tif, 1012.3859, 813.3859, 1019.6141, 820.6141, 1
VID193_A5_3_00d06h00m.tif, 682.4858, 811.4858, 687.5142, 816.5142, 1
VID193_A5_3_00d06h00m.tif, 1305.4858, 808.4858, 1310.5142, 813.5142, 1
VID193_A5_3_00d06h00m.tif, 759.4858, 806.4858, 764.5142, 811.5142, 1
VID193_A5_3_00d06h00m.tif, 65.4858, 806.4858, 70.5142, 811.5142, 1
VID193_A5_3_00d06h00m.tif, 407.4858, 805.4858, 412.5142, 810.5142, 1
VID193_A5_3_00d06h00m.tif, 87.4858, 805.4858, 92.5142, 810.5142, 1
VID193_A5_3_00d06h00m.tif, 751.4858, 803.4858, 756.5142, 808.5142, 1
VID193_A5_3_00d06h00m.tif, 366.3859, 800.3859, 373.6141, 807.6141, 1
VID193_A5_3_00d06h00m.tif, 764.4858, 799.4858, 769.5142, 804.5142, 1
VID193_A5_3_00d06h00m.tif, 1165.4858, 796.4858, 1170.5142, 801.5142, 1
VID193_A5_3_00d06h00m.tif, 1118.4858, 796.4858, 1123.5142, 801.5142, 1
VID193_A5_3_00d06h00m.tif, 1109.1860, 790.1860, 1120.8140, 801.8140, 1
VID193_A5_3_00d06h00m.tif, 738.4858, 787.4858, 743.5142, 792.5142, 1
VID193_A5_3_00d06h00m.tif, 309.3859, 786.3859, 316.6141, 793.6141, 1
VID193_A5_3_00d06h00m.tif, 135.4858, 774.4858, 140.5142, 779.5142, 1
VID193_A5_3_00d06h00m.tif, 1268.3859, 772.3859, 1275.6141, 779.6141, 1
VID193_A5_3_00d06h00m.tif, 1046.4858, 772.4858, 1051.5142, 777.5142, 1
VID193_A5_3_00d06h00m.tif, 1277.3859, 768.3859, 1284.6141, 775.6141, 1
VID193_A5_3_00d06h00m.tif, 669.4858, 767.4858, 674.5142, 772.5142, 1
VID193_A5_3_00d06h00m.tif, 359.3859, 761.3859, 366.6141, 768.6141, 1
VID193_A5_3_00d06h00m.tif, 147.4858, 761.4858, 152.5142, 766.5142, 1
VID193_A5_3_00d06h00m.tif, 1287.4858, 759.4858, 1292.5142, 764.5142, 1
VID193_A5_3_00d06h00m.tif, 1026.4858, 759.4858, 1031.5142, 764.5142, 1
VID193_A5_3_00d06h00m.tif, 314.2860, 755.2860, 323.7140, 764.7140, 1
VID193_A5_3_00d06h00m.tif, 66.4858, 756.4858, 71.5142, 761.5142, 1
VID193_A5_3_00d06h00m.tif, 902.4858, 754.4858, 907.5142, 759.5142, 1
VID193_A5_3_00d06h00m.tif, 1279.4858, 750.4858, 1284.5142, 755.5142, 1
VID193_A5_3_00d06h00m.tif, 192.4858, 743.4858, 197.5142, 748.5142, 1
VID193_A5_3_00d06h00m.tif, 24.4858, 742.4858, 29.5142, 747.5142, 1
VID193_A5_3_00d06h00m.tif, 173.4858, 740.4858, 178.5142, 745.5142, 1
VID193_A5_3_00d06h00m.tif, 1340.4858, 738.4858, 1345.5142, 743.5142, 1
VID193_A5_3_00d06h00m.tif, 1102.4858, 738.4858, 1107.5142, 743.5142, 1
VID193_A5_3_00d06h00m.tif, 855.4858, 738.4858, 860.5142, 743.5142, 1
VID193_A5_3_00d06h00m.tif, 1277.4858, 733.4858, 1282.5142, 738.5142, 1
VID193_A5_3_00d06h00m.tif, 348.4858, 732.4858, 353.5142, 737.5142, 1
VID193_A5_3_00d06h00m.tif, 157.4858, 732.4858, 162.5142, 737.5142, 1
VID193_A5_3_00d06h00m.tif, 927.2860, 725.2860, 936.7140, 734.7140, 1
VID193_A5_3_00d06h00m.tif, 965.3859, 721.3859, 972.6141, 728.6141, 1
VID193_A5_3_00d06h00m.tif, 1060.4858, 719.4858, 1065.5142, 724.5142, 1
VID193_A5_3_00d06h00m.tif, 341.3859, 718.3859, 348.6141, 725.6141, 1
VID193_A5_3_00d06h00m.tif, 1172.4858, 716.4858, 1177.5142, 721.5142, 1
VID193_A5_3_00d06h00m.tif, 445.3859, 710.3859, 452.6141, 717.6141, 1
VID193_A5_3_00d06h00m.tif, 564.3859, 707.3859, 571.6141, 714.6141, 1
VID193_A5_3_00d06h00m.tif, 459.3859, 706.3859, 466.6141, 713.6141, 1
VID193_A5_3_00d06h00m.tif, 1248.4858, 702.4858, 1253.5142, 707.5142, 1
VID193_A5_3_00d06h00m.tif, 148.3859, 696.3859, 155.6141, 703.6141, 1
VID193_A5_3_00d06h00m.tif, 520.4858, 695.4858, 525.5142, 700.5142, 1
VID193_A5_3_00d06h00m.tif, 1149.3859, 692.3859, 1156.6141, 699.6141, 1
VID193_A5_3_00d06h00m.tif, 697.4858, 689.4858, 702.5142, 694.5142, 1
VID193_A5_3_00d06h00m.tif, 570.4858, 688.4858, 575.5142, 693.5142, 1
VID193_A5_3_00d06h00m.tif, 1245.4858, 687.4858, 1250.5142, 692.5142, 1
VID193_A5_3_00d06h00m.tif, 156.3859, 683.3859, 163.6141, 690.6141, 1
VID193_A5_3_00d06h00m.tif, 1039.0861, 677.0861, 1052.9139, 690.9139, 1
VID193_A5_3_00d06h00m.tif, 1094.1860, 677.1860, 1105.8140, 688.8140, 1
VID193_A5_3_00d06h00m.tif, 791.4858, 680.4858, 796.5142, 685.5142, 1
VID193_A5_3_00d06h00m.tif, 1171.4858, 676.4858, 1176.5142, 681.5142, 1
VID193_A5_3_00d06h00m.tif, 509.4858, 676.4858, 514.5142, 681.5142, 1
VID193_A5_3_00d06h00m.tif, 1084.4858, 675.4858, 1089.5142, 680.5142, 1
VID193_A5_3_00d06h00m.tif, 1256.4858, 674.4858, 1261.5142, 679.5142, 1
VID193_A5_3_00d06h00m.tif, 1203.4858, 672.4858, 1208.5142, 677.5142, 1
VID193_A5_3_00d06h00m.tif, 1222.4858, 670.4858, 1227.5142, 675.5142, 1
VID193_A5_3_00d06h00m.tif, 599.4858, 667.4858, 604.5142, 672.5142, 1
VID193_A5_3_00d06h00m.tif, 1316.4858, 666.4858, 1321.5142, 671.5142, 1
VID193_A5_3_00d06h00m.tif, 1265.4858, 666.4858, 1270.5142, 671.5142, 1
VID193_A5_3_00d06h00m.tif, 161.4858, 656.4858, 166.5142, 661.5142, 1
VID193_A5_3_00d06h00m.tif, 476.4858, 655.4858, 481.5142, 660.5142, 1
VID193_A5_3_00d06h00m.tif, 1061.4858, 654.4858, 1066.5142, 659.5142, 1
VID193_A5_3_00d06h00m.tif, 653.4858, 654.4858, 658.5142, 659.5142, 1
VID193_A5_3_00d06h00m.tif, 774.2860, 651.2860, 783.7140, 660.7140, 1
VID193_A5_3_00d06h00m.tif, 578.4858, 653.4858, 583.5142, 658.5142, 1
VID193_A5_3_00d06h00m.tif, 1388.4858, 651.4858, 1393.5142, 656.5142, 1
VID193_A5_3_00d06h00m.tif, 1204.4858, 647.4858, 1209.5142, 652.5142, 1
VID193_A5_3_00d06h00m.tif, 443.2860, 640.2860, 452.7140, 649.7140, 1
VID193_A5_3_00d06h00m.tif, 648.4858, 640.4858, 653.5142, 645.5142, 1
VID193_A5_3_00d06h00m.tif, 940.2860, 637.2860, 949.7140, 646.7140, 1
VID193_A5_3_00d06h00m.tif, 28.4858, 639.4858, 33.5142, 644.5142, 1
VID193_A5_3_00d06h00m.tif, 914.4858, 632.4858, 919.5142, 637.5142, 1
VID193_A5_3_00d06h00m.tif, 1398.4858, 630.4858, 1403.5142, 635.5142, 1
VID193_A5_3_00d06h00m.tif, 517.3859, 628.3859, 524.6141, 635.6141, 1
VID193_A5_3_00d06h00m.tif, 1187.4858, 628.4858, 1192.5142, 633.5142, 1
VID193_A5_3_00d06h00m.tif, 970.4858, 623.4858, 975.5142, 628.5142, 1
VID193_A5_3_00d06h00m.tif, 616.4858, 620.4858, 621.5142, 625.5142, 1
VID193_A5_3_00d06h00m.tif, 1261.2860, 617.2860, 1270.7140, 626.7140, 1
VID193_A5_3_00d06h00m.tif, 1377.4858, 617.4858, 1382.5142, 622.5142, 1
VID193_A5_3_00d06h00m.tif, 962.4858, 617.4858, 967.5142, 622.5142, 1
VID193_A5_3_00d06h00m.tif, 625.4858, 617.4858, 630.5142, 622.5142, 1
VID193_A5_3_00d06h00m.tif, 584.3859, 615.3859, 591.6141, 622.6141, 1
VID193_A5_3_00d06h00m.tif, 127.3859, 613.3859, 134.6141, 620.6141, 1
VID193_A5_3_00d06h00m.tif, 988.3859, 609.3859, 995.6141, 616.6141, 1
VID193_A5_3_00d06h00m.tif, 51.3859, 607.3859, 58.6141, 614.6141, 1
VID193_A5_3_00d06h00m.tif, 1294.3859, 601.3859, 1301.6141, 608.6141, 1
VID193_A5_3_00d06h00m.tif, 782.3859, 600.3859, 789.6141, 607.6141, 1
VID193_A5_3_00d06h00m.tif, 666.3859, 599.3859, 673.6141, 606.6141, 1
VID193_A5_3_00d06h00m.tif, 30.3859, 599.3859, 37.6141, 606.6141, 1
VID193_A5_3_00d06h00m.tif, 1194.2860, 587.2860, 1203.7140, 596.7140, 1
VID193_A5_3_00d06h00m.tif, 625.2860, 587.2860, 634.7140, 596.7140, 1
VID193_A5_3_00d06h00m.tif, 167.4858, 588.4858, 172.5142, 593.5142, 1
VID193_A5_3_00d06h00m.tif, 618.4858, 587.4858, 623.5142, 592.5142, 1
VID193_A5_3_00d06h00m.tif, 319.1860, 577.1860, 330.8140, 588.8140, 1
VID193_A5_3_00d06h00m.tif, 296.3859, 577.3859, 303.6141, 584.6141, 1
VID193_A5_3_00d06h00m.tif, 884.4858, 577.4858, 889.5142, 582.5142, 1
VID193_A5_3_00d06h00m.tif, 1359.2860, 574.2860, 1368.7140, 583.7140, 1
VID193_A5_3_00d06h00m.tif, 618.4858, 576.4858, 623.5142, 581.5142, 1
VID193_A5_3_00d06h00m.tif, 60.4858, 574.4858, 65.5142, 579.5142, 1
VID193_A5_3_00d06h00m.tif, 1042.4858, 572.4858, 1047.5142, 577.5142, 1
VID193_A5_3_00d06h00m.tif, 625.3859, 571.3859, 632.6141, 578.6141, 1
VID193_A5_3_00d06h00m.tif, 1138.4858, 569.4858, 1143.5142, 574.5142, 1
VID193_A5_3_00d06h00m.tif, 1055.4858, 569.4858, 1060.5142, 574.5142, 1
VID193_A5_3_00d06h00m.tif, 1020.4858, 567.4858, 1025.5142, 572.5142, 1
VID193_A5_3_00d06h00m.tif, 1369.3859, 563.3859, 1376.6141, 570.6141, 1
VID193_A5_3_00d06h00m.tif, 75.4858, 559.4858, 80.5142, 564.5142, 1
VID193_A5_3_00d06h00m.tif, 635.3859, 557.3859, 642.6141, 564.6141, 1
VID193_A5_3_00d06h00m.tif, 145.4858, 558.4858, 150.5142, 563.5142, 1
VID193_A5_3_00d06h00m.tif, 1126.3859, 549.3859, 1133.6141, 556.6141, 1
VID193_A5_3_00d06h00m.tif, 776.4858, 548.4858, 781.5142, 553.5142, 1
VID193_A5_3_00d06h00m.tif, 271.4858, 544.4858, 276.5142, 549.5142, 1
VID193_A5_3_00d06h00m.tif, 407.4858, 543.4858, 412.5142, 548.5142, 1
VID193_A5_3_00d06h00m.tif, 1379.4858, 542.4858, 1384.5142, 547.5142, 1
VID193_A5_3_00d06h00m.tif, 980.4858, 541.4858, 985.5142, 546.5142, 1
VID193_A5_3_00d06h00m.tif, 364.4858, 541.4858, 369.5142, 546.5142, 1
VID193_A5_3_00d06h00m.tif, 1033.3859, 533.3859, 1040.6141, 540.6141, 1
VID193_A5_3_00d06h00m.tif, 630.3859, 528.3859, 637.6141, 535.6141, 1
VID193_A5_3_00d06h00m.tif, 1387.4858, 525.4858, 1392.5142, 530.5142, 1
VID193_A5_3_00d06h00m.tif, 676.4858, 524.4858, 681.5142, 529.5142, 1
VID193_A5_3_00d06h00m.tif, 224.3859, 523.3859, 231.6141, 530.6141, 1
VID193_A5_3_00d06h00m.tif, 552.4858, 523.4858, 557.5142, 528.5142, 1
VID193_A5_3_00d06h00m.tif, 1162.3859, 517.3859, 1169.6141, 524.6141, 1
VID193_A5_3_00d06h00m.tif, 565.4858, 517.4858, 570.5142, 522.5142, 1
VID193_A5_3_00d06h00m.tif, 610.3859, 514.3859, 617.6141, 521.6141, 1
VID193_A5_3_00d06h00m.tif, 942.4858, 513.4858, 947.5142, 518.5142, 1
VID193_A5_3_00d06h00m.tif, 376.3859, 512.3859, 383.6141, 519.6141, 1
VID193_A5_3_00d06h00m.tif, 1023.4858, 512.4858, 1028.5142, 517.5142, 1
VID193_A5_3_00d06h00m.tif, 103.4858, 512.4858, 108.5142, 517.5142, 1
VID193_A5_3_00d06h00m.tif, 1396.4858, 508.4858, 1401.5142, 513.5142, 1
VID193_A5_3_00d06h00m.tif, 727.3859, 506.3859, 734.6141, 513.6141, 1
VID193_A5_3_00d06h00m.tif, 50.4858, 507.4858, 55.5142, 512.5142, 1
VID193_A5_3_00d06h00m.tif, 1047.4858, 505.4858, 1052.5142, 510.5142, 1
VID193_A5_3_00d06h00m.tif, 1095.3859, 503.3859, 1102.6141, 510.6141, 1
VID193_A5_3_00d06h00m.tif, 906.3859, 499.3859, 913.6141, 506.6141, 1
VID193_A5_3_00d06h00m.tif, 97.4858, 500.4858, 102.5142, 505.5142, 1
VID193_A5_3_00d06h00m.tif, 432.4858, 499.4858, 437.5142, 504.5142, 1
VID193_A5_3_00d06h00m.tif, 405.4858, 489.4858, 410.5142, 494.5142, 1
VID193_A5_3_00d06h00m.tif, 438.4858, 487.4858, 443.5142, 492.5142, 1
VID193_A5_3_00d06h00m.tif, 1312.4858, 486.4858, 1317.5142, 491.5142, 1
VID193_A5_3_00d06h00m.tif, 304.3859, 476.3859, 311.6141, 483.6141, 1
VID193_A5_3_00d06h00m.tif, 631.4858, 476.4858, 636.5142, 481.5142, 1
VID193_A5_3_00d06h00m.tif, 585.4858, 470.4858, 590.5142, 475.5142, 1
VID193_A5_3_00d06h00m.tif, 943.2860, 466.2860, 952.7140, 475.7140, 1
VID193_A5_3_00d06h00m.tif, 743.4858, 466.4858, 748.5142, 471.5142, 1
VID193_A5_3_00d06h00m.tif, 1349.4858, 465.4858, 1354.5142, 470.5142, 1
VID193_A5_3_00d06h00m.tif, 1192.3859, 464.3859, 1199.6141, 471.6141, 1
VID193_A5_3_00d06h00m.tif, 751.4858, 464.4858, 756.5142, 469.5142, 1
VID193_A5_3_00d06h00m.tif, 1198.4858, 455.4858, 1203.5142, 460.5142, 1
VID193_A5_3_00d06h00m.tif, 1234.3859, 453.3859, 1241.6141, 460.6141, 1
VID193_A5_3_00d06h00m.tif, 1344.4858, 450.4858, 1349.5142, 455.5142, 1
VID193_A5_3_00d06h00m.tif, 1306.4858, 448.4858, 1311.5142, 453.5142, 1
VID193_A5_3_00d06h00m.tif, 656.4858, 446.4858, 661.5142, 451.5142, 1
VID193_A5_3_00d06h00m.tif, 485.4858, 439.4858, 490.5142, 444.5142, 1
VID193_A5_3_00d06h00m.tif, 1329.4858, 437.4858, 1334.5142, 442.5142, 1
VID193_A5_3_00d06h00m.tif, 846.4858, 435.4858, 851.5142, 440.5142, 1
VID193_A5_3_00d06h00m.tif, 744.4858, 435.4858, 749.5142, 440.5142, 1
VID193_A5_3_00d06h00m.tif, 262.4858, 433.4858, 267.5142, 438.5142, 1
VID193_A5_3_00d06h00m.tif, 1148.4858, 427.4858, 1153.5142, 432.5142, 1
VID193_A5_3_00d06h00m.tif, 266.3859, 420.3859, 273.6141, 427.6141, 1
VID193_A5_3_00d06h00m.tif, 440.4858, 414.4858, 445.5142, 419.5142, 1
VID193_A5_3_00d06h00m.tif, 723.3859, 412.3859, 730.6141, 419.6141, 1
VID193_A5_3_00d06h00m.tif, 653.4858, 410.4858, 658.5142, 415.5142, 1
VID193_A5_3_00d06h00m.tif, 1214.4858, 406.4858, 1219.5142, 411.5142, 1
VID193_A5_3_00d06h00m.tif, 809.4858, 405.4858, 814.5142, 410.5142, 1
VID193_A5_3_00d06h00m.tif, 466.3859, 403.3859, 473.6141, 410.6141, 1
VID193_A5_3_00d06h00m.tif, 1337.4858, 399.4858, 1342.5142, 404.5142, 1
VID193_A5_3_00d06h00m.tif, 1216.4858, 395.4858, 1221.5142, 400.5142, 1
VID193_A5_3_00d06h00m.tif, 407.4858, 394.4858, 412.5142, 399.5142, 1
VID193_A5_3_00d06h00m.tif, 444.4858, 391.4858, 449.5142, 396.5142, 1
VID193_A5_3_00d06h00m.tif, 1270.4858, 387.4858, 1275.5142, 392.5142, 1
VID193_A5_3_00d06h00m.tif, 477.4858, 383.4858, 482.5142, 388.5142, 1
VID193_A5_3_00d06h00m.tif, 501.4858, 378.4858, 506.5142, 383.5142, 1
VID193_A5_3_00d06h00m.tif, 653.3859, 371.3859, 660.6141, 378.6141, 1
VID193_A5_3_00d06h00m.tif, 567.3859, 370.3859, 574.6141, 377.6141, 1
VID193_A5_3_00d06h00m.tif, 434.4858, 369.4858, 439.5142, 374.5142, 1
VID193_A5_3_00d06h00m.tif, 1172.3859, 366.3859, 1179.6141, 373.6141, 1
VID193_A5_3_00d06h00m.tif, 225.4858, 367.4858, 230.5142, 372.5142, 1
VID193_A5_3_00d06h00m.tif, 981.4858, 366.4858, 986.5142, 371.5142, 1
VID193_A5_3_00d06h00m.tif, 592.4858, 364.4858, 597.5142, 369.5142, 1
VID193_A5_3_00d06h00m.tif, 347.3859, 356.3859, 354.6141, 363.6141, 1
VID193_A5_3_00d06h00m.tif, 60.3859, 353.3859, 67.6141, 360.6141, 1
VID193_A5_3_00d06h00m.tif, 282.4858, 353.4858, 287.5142, 358.5142, 1
VID193_A5_3_00d06h00m.tif, 910.3859, 350.3859, 917.6141, 357.6141, 1
VID193_A5_3_00d06h00m.tif, 135.3859, 345.3859, 142.6141, 352.6141, 1
VID193_A5_3_00d06h00m.tif, 1367.3859, 342.3859, 1374.6141, 349.6141, 1
VID193_A5_3_00d06h00m.tif, 619.4858, 342.4858, 624.5142, 347.5142, 1
VID193_A5_3_00d06h00m.tif, 333.1860, 339.1860, 344.8140, 350.8140, 1
VID193_A5_3_00d06h00m.tif, 363.4858, 339.4858, 368.5142, 344.5142, 1
VID193_A5_3_00d06h00m.tif, 741.3859, 337.3859, 748.6141, 344.6141, 1
VID193_A5_3_00d06h00m.tif, 1191.4858, 337.4858, 1196.5142, 342.5142, 1
VID193_A5_3_00d06h00m.tif, 1113.3859, 336.3859, 1120.6141, 343.6141, 1
VID193_A5_3_00d06h00m.tif, 1208.3859, 335.3859, 1215.6141, 342.6141, 1
VID193_A5_3_00d06h00m.tif, 826.3859, 335.3859, 833.6141, 342.6141, 1
VID193_A5_3_00d06h00m.tif, 438.3859, 332.3859, 445.6141, 339.6141, 1
VID193_A5_3_00d06h00m.tif, 1282.4858, 326.4858, 1287.5142, 331.5142, 1
VID193_A5_3_00d06h00m.tif, 136.3859, 315.3859, 143.6141, 322.6141, 1
VID193_A5_3_00d06h00m.tif, 100.4858, 313.4858, 105.5142, 318.5142, 1
VID193_A5_3_00d06h00m.tif, 153.4858, 310.4858, 158.5142, 315.5142, 1
VID193_A5_3_00d06h00m.tif, 952.3859, 305.3859, 959.6141, 312.6141, 1
VID193_A5_3_00d06h00m.tif, 404.4858, 305.4858, 409.5142, 310.5142, 1
VID193_A5_3_00d06h00m.tif, 77.3859, 304.3859, 84.6141, 311.6141, 1
VID193_A5_3_00d06h00m.tif, 1233.4858, 304.4858, 1238.5142, 309.5142, 1
VID193_A5_3_00d06h00m.tif, 1271.3859, 300.3859, 1278.6141, 307.6141, 1
VID193_A5_3_00d06h00m.tif, 763.4858, 301.4858, 768.5142, 306.5142, 1
VID193_A5_3_00d06h00m.tif, 118.4858, 301.4858, 123.5142, 306.5142, 1
VID193_A5_3_00d06h00m.tif, 1066.4858, 298.4858, 1071.5142, 303.5142, 1
VID193_A5_3_00d06h00m.tif, 704.3859, 294.3859, 711.6141, 301.6141, 1
VID193_A5_3_00d06h00m.tif, 436.3859, 294.3859, 443.6141, 301.6141, 1
VID193_A5_3_00d06h00m.tif, 215.3859, 282.3859, 222.6141, 289.6141, 1
VID193_A5_3_00d06h00m.tif, 48.4858, 282.4858, 53.5142, 287.5142, 1
VID193_A5_3_00d06h00m.tif, 804.4858, 279.4858, 809.5142, 284.5142, 1
VID193_A5_3_00d06h00m.tif, 51.2860, 274.2860, 60.7140, 283.7140, 1
VID193_A5_3_00d06h00m.tif, 65.3859, 271.3859, 72.6141, 278.6141, 1
VID193_A5_3_00d06h00m.tif, 625.3859, 268.3859, 632.6141, 275.6141, 1
VID193_A5_3_00d06h00m.tif, 158.3859, 266.3859, 165.6141, 273.6141, 1
VID193_A5_3_00d06h00m.tif, 1302.4858, 265.4858, 1307.5142, 270.5142, 1
VID193_A5_3_00d06h00m.tif, 732.3859, 263.3859, 739.6141, 270.6141, 1
VID193_A5_3_00d06h00m.tif, 497.4858, 257.4858, 502.5142, 262.5142, 1
VID193_A5_3_00d06h00m.tif, 1221.4858, 250.4858, 1226.5142, 255.5142, 1
VID193_A5_3_00d06h00m.tif, 134.4858, 249.4858, 139.5142, 254.5142, 1
VID193_A5_3_00d06h00m.tif, 387.3859, 241.3859, 394.6141, 248.6141, 1
VID193_A5_3_00d06h00m.tif, 310.4858, 242.4858, 315.5142, 247.5142, 1
VID193_A5_3_00d06h00m.tif, 1089.4858, 236.4858, 1094.5142, 241.5142, 1
VID193_A5_3_00d06h00m.tif, 452.3859, 233.3859, 459.6141, 240.6141, 1
VID193_A5_3_00d06h00m.tif, 50.4858, 231.4858, 55.5142, 236.5142, 1
VID193_A5_3_00d06h00m.tif, 362.3859, 228.3859, 369.6141, 235.6141, 1
VID193_A5_3_00d06h00m.tif, 839.3859, 227.3859, 846.6141, 234.6141, 1
VID193_A5_3_00d06h00m.tif, 1291.4858, 227.4858, 1296.5142, 232.5142, 1
VID193_A5_3_00d06h00m.tif, 72.4858, 227.4858, 77.5142, 232.5142, 1
VID193_A5_3_00d06h00m.tif, 663.3859, 223.3859, 670.6141, 230.6141, 1
VID193_A5_3_00d06h00m.tif, 1179.3859, 220.3859, 1186.6141, 227.6141, 1
VID193_A5_3_00d06h00m.tif, 99.4858, 220.4858, 104.5142, 225.5142, 1
VID193_A5_3_00d06h00m.tif, 285.3859, 218.3859, 292.6141, 225.6141, 1
VID193_A5_3_00d06h00m.tif, 140.3859, 218.3859, 147.6141, 225.6141, 1
VID193_A5_3_00d06h00m.tif, 584.4858, 214.4858, 589.5142, 219.5142, 1
VID193_A5_3_00d06h00m.tif, 482.2860, 212.2860, 491.7140, 221.7140, 1
VID193_A5_3_00d06h00m.tif, 1169.4858, 209.4858, 1174.5142, 214.5142, 1
VID193_A5_3_00d06h00m.tif, 232.4858, 208.4858, 237.5142, 213.5142, 1
VID193_A5_3_00d06h00m.tif, 538.4858, 203.4858, 543.5142, 208.5142, 1
VID193_A5_3_00d06h00m.tif, 601.4858, 199.4858, 606.5142, 204.5142, 1
VID193_A5_3_00d06h00m.tif, 1345.4858, 197.4858, 1350.5142, 202.5142, 1
VID193_A5_3_00d06h00m.tif, 673.3859, 188.3859, 680.6141, 195.6141, 1
VID193_A5_3_00d06h00m.tif, 14.4858, 189.4858, 19.5142, 194.5142, 1
VID193_A5_3_00d06h00m.tif, 969.3859, 187.3859, 976.6141, 194.6141, 1
VID193_A5_3_00d06h00m.tif, 279.4858, 186.4858, 284.5142, 191.5142, 1
VID193_A5_3_00d06h00m.tif, 1378.4858, 185.4858, 1383.5142, 190.5142, 1
VID193_A5_3_00d06h00m.tif, 1284.4858, 182.4858, 1289.5142, 187.5142, 1
VID193_A5_3_00d06h00m.tif, 849.4858, 179.4858, 854.5142, 184.5142, 1
VID193_A5_3_00d06h00m.tif, 744.3859, 178.3859, 751.6141, 185.6141, 1
VID193_A5_3_00d06h00m.tif, 845.3859, 170.3859, 852.6141, 177.6141, 1
VID193_A5_3_00d06h00m.tif, 693.4858, 169.4858, 698.5142, 174.5142, 1
VID193_A5_3_00d06h00m.tif, 972.2860, 165.2860, 981.7140, 174.7140, 1
VID193_A5_3_00d06h00m.tif, 475.3859, 166.3859, 482.6141, 173.6141, 1
VID193_A5_3_00d06h00m.tif, 22.4858, 167.4858, 27.5142, 172.5142, 1
VID193_A5_3_00d06h00m.tif, 373.3859, 164.3859, 380.6141, 171.6141, 1
VID193_A5_3_00d06h00m.tif, 1135.3859, 163.3859, 1142.6141, 170.6141, 1
VID193_A5_3_00d06h00m.tif, 130.4858, 164.4858, 135.5142, 169.5142, 1
VID193_A5_3_00d06h00m.tif, 317.3859, 160.3859, 324.6141, 167.6141, 1
VID193_A5_3_00d06h00m.tif, 446.3859, 159.3859, 453.6141, 166.6141, 1
VID193_A5_3_00d06h00m.tif, 1309.2860, 157.2860, 1318.7140, 166.7140, 1
VID193_A5_3_00d06h00m.tif, 1052.3859, 155.3859, 1059.6141, 162.6141, 1
VID193_A5_3_00d06h00m.tif, 376.4858, 155.4858, 381.5142, 160.5142, 1
VID193_A5_3_00d06h00m.tif, 607.3859, 151.3859, 614.6141, 158.6141, 1
VID193_A5_3_00d06h00m.tif, 1280.4858, 151.4858, 1285.5142, 156.5142, 1
VID193_A5_3_00d06h00m.tif, 1255.4858, 149.4858, 1260.5142, 154.5142, 1
VID193_A5_3_00d06h00m.tif, 672.3859, 148.3859, 679.6141, 155.6141, 1
VID193_A5_3_00d06h00m.tif, 1157.4858, 146.4858, 1162.5142, 151.5142, 1
VID193_A5_3_00d06h00m.tif, 1259.7862, 137.7862, 1280.2138, 158.2138, 1
VID193_A5_3_00d06h00m.tif, 882.4858, 144.4858, 887.5142, 149.5142, 1
VID193_A5_3_00d06h00m.tif, 48.4858, 141.4858, 53.5142, 146.5142, 1
VID193_A5_3_00d06h00m.tif, 1187.2860, 133.2860, 1196.7140, 142.7140, 1
VID193_A5_3_00d06h00m.tif, 734.3859, 134.3859, 741.6141, 141.6141, 1
VID193_A5_3_00d06h00m.tif, 102.4858, 135.4858, 107.5142, 140.5142, 1
VID193_A5_3_00d06h00m.tif, 9.3859, 133.3859, 16.6141, 140.6141, 1
VID193_A5_3_00d06h00m.tif, 48.6863, 120.6863, 71.3137, 143.3137, 1
VID193_A5_3_00d06h00m.tif, 651.4858, 126.4858, 656.5142, 131.5142, 1
VID193_A5_3_00d06h00m.tif, 1234.4858, 122.4858, 1239.5142, 127.5142, 1
VID193_A5_3_00d06h00m.tif, 614.4858, 120.4858, 619.5142, 125.5142, 1
VID193_A5_3_00d06h00m.tif, 699.4858, 116.4858, 704.5142, 121.5142, 1
VID193_A5_3_00d06h00m.tif, 530.3859, 112.3859, 537.6141, 119.6141, 1
VID193_A5_3_00d06h00m.tif, 88.4858, 106.4858, 93.5142, 111.5142, 1
VID193_A5_3_00d06h00m.tif, 692.1860, 98.1860, 703.8140, 109.8140, 1
VID193_A5_3_00d06h00m.tif, 162.3859, 100.3859, 169.6141, 107.6141, 1
VID193_A5_3_00d06h00m.tif, 470.3859, 96.3859, 477.6141, 103.6141, 1
VID193_A5_3_00d06h00m.tif, 833.4858, 96.4858, 838.5142, 101.5142, 1
VID193_A5_3_00d06h00m.tif, 710.3859, 95.3859, 717.6141, 102.6141, 1
VID193_A5_3_00d06h00m.tif, 441.4858, 95.4858, 446.5142, 100.5142, 1
VID193_A5_3_00d06h00m.tif, 198.4858, 95.4858, 203.5142, 100.5142, 1
VID193_A5_3_00d06h00m.tif, 852.3859, 93.3859, 859.6141, 100.6141, 1
VID193_A5_3_00d06h00m.tif, 610.3859, 91.3859, 617.6141, 98.6141, 1
VID193_A5_3_00d06h00m.tif, 13.3859, 89.3859, 20.6141, 96.6141, 1
VID193_A5_3_00d06h00m.tif, 802.4858, 89.4858, 807.5142, 94.5142, 1
VID193_A5_3_00d06h00m.tif, 1110.4858, 87.4858, 1115.5142, 92.5142, 1
VID193_A5_3_00d06h00m.tif, 189.3859, 86.3859, 196.6141, 93.6141, 1
VID193_A5_3_00d06h00m.tif, 570.3859, 83.3859, 577.6141, 90.6141, 1
VID193_A5_3_00d06h00m.tif, 350.3859, 79.3859, 357.6141, 86.6141, 1
VID193_A5_3_00d06h00m.tif, 1302.4858, 79.4858, 1307.5142, 84.5142, 1
VID193_A5_3_00d06h00m.tif, 1320.3859, 76.3859, 1327.6141, 83.6141, 1
VID193_A5_3_00d06h00m.tif, 853.3859, 75.3859, 860.6141, 82.6141, 1
VID193_A5_3_00d06h00m.tif, 630.3859, 72.3859, 637.6141, 79.6141, 1
VID193_A5_3_00d06h00m.tif, 1330.3859, 60.3859, 1337.6141, 67.6141, 1
VID193_A5_3_00d06h00m.tif, 1014.3859, 59.3859, 1021.6141, 66.6141, 1
VID193_A5_3_00d06h00m.tif, 1092.3859, 58.3859, 1099.6141, 65.6141, 1
VID193_A5_3_00d06h00m.tif, 761.4858, 58.4858, 766.5142, 63.5142, 1
VID193_A5_3_00d06h00m.tif, 1055.4858, 57.4858, 1060.5142, 62.5142, 1
VID193_A5_3_00d06h00m.tif, 1352.4858, 51.4858, 1357.5142, 56.5142, 1
VID193_A5_3_00d06h00m.tif, 1235.4858, 50.4858, 1240.5142, 55.5142, 1
VID193_A5_3_00d06h00m.tif, 601.3859, 48.3859, 608.6141, 55.6141, 1
VID193_A5_3_00d06h00m.tif, 177.2860, 42.2860, 186.7140, 51.7140, 1
VID193_A5_3_00d06h00m.tif, 313.4858, 42.4858, 318.5142, 47.5142, 1
VID193_A5_3_00d06h00m.tif, 1350.4858, 41.4858, 1355.5142, 46.5142, 1
VID193_A5_3_00d06h00m.tif, 1346.4858, 38.4858, 1351.5142, 43.5142, 1
VID193_A5_3_00d06h00m.tif, 108.4858, 36.4858, 113.5142, 41.5142, 1
VID193_A5_3_00d06h00m.tif, 129.3859, 33.3859, 136.6141, 40.6141, 1
VID193_A5_3_00d06h00m.tif, 640.4858, 32.4858, 645.5142, 37.5142, 1
VID193_A5_3_00d06h00m.tif, 283.3859, 25.3859, 290.6141, 32.6141, 1
VID193_A5_3_00d06h00m.tif, 135.4858, 25.4858, 140.5142, 30.5142, 1
VID193_A5_3_00d06h00m.tif, 922.4858, 24.4858, 927.5142, 29.5142, 1
VID193_A5_3_00d06h00m.tif, 246.0861, 17.0861, 259.9139, 30.9139, 1
VID193_A5_3_00d06h00m.tif, 1151.4858, 19.4858, 1156.5142, 24.5142, 1
VID193_A5_3_00d06h00m.tif, 228.2860, 17.2860, 237.7140, 26.7140, 1
VID193_A5_3_00d06h00m.tif, 727.3859, 14.3859, 734.6141, 21.6141, 1
VID193_A5_3_00d06h00m.tif, 882.4858, 13.4858, 887.5142, 18.5142, 1
VID193_A5_3_00d06h00m.tif, 568.2860, 11.2860, 577.7140, 20.7140, 1
VID193_A5_3_00d06h00m.tif, 332.3859, 10.3859, 339.6141, 17.6141, 1
VID193_A5_3_00d06h00m.tif, 1159.4858, 9.4858, 1164.5142, 14.5142, 1
VID193_A5_3_00d06h00m.tif, 1109.4858, 8.4858, 1114.5142, 13.5142, 1
VID193_A5_3_00d06h00m.tif, 1005.3859, 5.3859, 1012.6141, 12.6141, 1
VID193_A5_3_00d06h00m.tif, 215.2860, 3.2860, 224.7140, 12.7140, 1
VID193_A5_3_00d06h00m.tif, 846.4858, 4.4858, 851.5142, 9.5142, 1
VID193_A5_3_00d06h00m.tif, 341.4858, 3.4858, 346.5142, 8.5142, 1
VID193_A5_3_00d06h00m.tif, 83.3859, 2.3859, 90.6141, 9.6141, 1
VID193_A5_3_00d06h00m.tif, 239.4858, 2.4858, 244.5142, 7.5142, 1
